id,car_id,status,order_date,delivery_date,canceled_date,start_country,dest_country,start_type,destination_type
91745764,1208667542,3,2022-03-07,2022-03-09,,DE,DE,Branch,workshop
91267828,1240283015,3,2022-01-17,2022-01-17,,DE,DE,workshop,workshop
91666736,1240283015,3,2022-02-27,2022-03-08,,DE,DE,workshop,workshop
91666737,1240283015,3,2022-03-08,2022-03-11,,DE,DE,workshop,zipcode
91265760,1240283015,3,2022-01-12,2022-01-16,,DE,DE,Branch,workshop
91602741,1240532425,3,2022-02-20,2022-02-20,,ES,ES,Branch,workshop
91647791,1242995846,3,2022-02-23,2022-02-28,,ES,ES,Branch,workshop
91764335,1243637676,3,2022-03-13,2022-03-20,,DE,DE,workshop,showroom
91764336,1243637676,3,2022-03-20,2022-03-22,,DE,DE,showroom,zipcode
91310211,1243637676,3,2022-01-17,2022-01-26,,DE,DE,Branch,workshop
91318954,1243637676,3,2022-01-26,2022-02-01,,DE,DE,workshop,workshop
91669726,1244678822,3,2022-03-03,2022-03-09,,DE,DE,workshop,Branch
91669727,1244678822,3,2022-03-09,2022-03-13,,DE,DE,Branch,zipcode
91446350,1244678822,3,2022-02-10,2022-02-13,,DE,DE,workshop,workshop
91443966,1244678822,3,2022-02-01,2022-02-10,,DE,DE,Branch,workshop
91195338,1246114740,3,2022-01-03,2022-01-13,,DE,DE,Branch,workshop
91388214,1246307088,3,2022-01-26,2022-02-02,,DE,DE,Branch,workshop
91743989,1246307088,3,2022-03-08,2022-03-15,,DE,DE,workshop,showroom
91743990,1246307088,3,2022-03-15,2022-03-20,,DE,DE,showroom,zipcode
91395533,1246307088,3,2022-02-02,2022-02-02,,DE,DE,workshop,workshop
91682404,1246593200,3,2022-02-27,2022-03-13,,DE,DE,Branch,workshop
91320877,1247299869,3,2022-01-18,2022-01-20,,AT,AT,Branch,LC
92169061,1247299869,2,2022-04-27,,,PL,PL,workshop,zipcode
91692596,1247299869,3,2022-02-28,2022-02-28,,PL,PL,workshop,workshop
91321504,1247299869,3,2022-01-23,2022-02-01,,AT,PL,LC,workshop
91560308,1247325978,3,2022-02-14,2022-02-22,,ES,ES,Branch,workshop
91635055,1247663838,4,,,2022-02-27,DE,DE,workshop,workshop
91635056,1247663838,3,2022-02-28,2022-03-06,,DE,DE,workshop,zipcode
91680253,1247663838,3,2022-02-27,2022-02-28,,DE,DE,workshop,workshop
91188954,1247663838,3,2022-01-02,2022-01-09,,DE,DE,Branch,workshop
91510081,1247759894,3,2022-02-08,2022-02-13,,DE,DE,Branch,workshop
91185596,1248060550,3,2022-01-02,2022-01-04,,DE,DE,Branch,LC
91185597,1248060550,3,2022-01-05,2022-01-16,,DE,DE,LC,workshop
92193410,1248060550,1,,,,DE,DE,workshop,zipcode
92193409,1248060550,1,,,,DE,DE,workshop,workshop
91465483,1248060550,3,2022-02-06,2022-02-20,,DE,DE,workshop,workshop
91465484,1248060550,4,2022-02-20,,2022-02-27,DE,DE,workshop,zipcode
91432569,1248060550,4,,,2022-02-01,DE,DE,workshop,Branch
91432570,1248060550,4,,,2022-02-01,DE,DE,Branch,zipcode
91561216,1248360792,3,2022-02-14,2022-02-14,,DE,DE,LC,workshop
92130547,1248360792,1,,,,DE,DE,Branch,zipcode
92130546,1248360792,2,2022-04-24,,,DE,DE,workshop,Branch
91396009,1248360792,4,2022-02-03,,2022-02-14,DE,DE,workshop,workshop
91341700,1248360792,3,2022-01-20,2022-01-24,,DE,DE,Branch,LC
91341701,1248360792,3,2022-01-25,2022-02-02,,DE,DE,LC,workshop
91372495,1248422040,3,2022-01-24,2022-01-31,,DE,DE,Branch,workshop
91546376,1248422040,3,2022-02-14,2022-02-24,,DE,DE,workshop,Branch
91188517,1248432246,3,2022-01-03,2022-01-05,,DE,DE,Branch,LC
91674521,1248432246,3,2022-03-03,2022-03-08,,DE,DE,workshop,Branch
91200886,1248432246,3,2022-01-06,2022-01-11,,DE,DE,LC,workshop
91251001,1248479142,3,2022-01-13,2022-01-20,,DE,PL,LC,workshop
91234715,1248479142,3,2022-01-09,2022-01-11,,DE,DE,Branch,LC
91455263,1248479142,3,2022-02-02,2022-02-01,,PL,PL,workshop,workshop
91726335,1248479534,3,2022-03-03,2022-03-07,,DE,DE,Branch,LC
91726336,1248479534,4,,,2022-03-13,DE,DE,LC,workshop
91804832,1248479534,3,2022-03-13,2022-03-16,,DE,DE,LC,workshop
91205824,1248585733,3,2022-01-04,2022-01-11,,ES,ES,Branch,workshop
92157881,1248649364,2,2022-04-24,,,DE,DE,workshop,workshop
91361443,1248649364,3,2022-01-23,2022-01-26,,DE,DE,Branch,LC
91361444,1248649364,3,2022-01-26,2022-01-26,,DE,DE,LC,workshop
91191420,1248661388,3,2022-01-03,2022-01-13,,ES,ES,Branch,workshop
91523594,1248661388,3,2022-02-10,2022-02-15,,ES,ES,workshop,showroom
91656383,1248680805,4,2022-02-24,,2022-02-28,DE,DE,workshop,LC
91258599,1248680805,3,2022-01-11,2022-01-16,,DE,DE,Branch,workshop
91279636,1248960488,3,2022-01-13,2022-01-23,,DE,PL,LC,workshop
92000300,1248960488,3,2022-04-11,2022-04-17,,PL,PL,workshop,zipcode
91187648,1248960488,3,2022-01-02,2022-01-03,,DE,DE,Branch,LC
91455253,1248960488,3,2022-02-02,2022-02-01,,PL,PL,workshop,workshop
91836018,1248960814,3,2022-03-16,2022-03-20,,DE,DE,LC,workshop
91836019,1248960814,3,2022-03-20,2022-03-27,,DE,DE,workshop,zipcode
91189901,1248960814,3,2022-01-18,2022-01-19,,DE,DE,Branch,LC
91189902,1248960814,3,2022-01-20,2022-01-23,,DE,DE,LC,workshop
91761248,1248960814,4,,,2022-03-13,DE,DE,workshop,workshop
91761249,1248960814,4,,,2022-03-16,DE,DE,workshop,zipcode
91806328,1248960814,3,2022-03-13,2022-03-15,,DE,DE,workshop,workshop
91271439,1248974310,3,2022-01-24,2022-01-27,,DE,DE,workshop,workshop
91489978,1248974310,3,2022-02-06,2022-02-17,,DE,DE,workshop,zipcode
91227260,1248974310,3,2022-01-09,2022-01-10,,DE,DE,Branch,LC
91227261,1248974310,3,2022-01-11,2022-01-24,,DE,DE,LC,workshop
91373994,1249034665,4,,,2022-01-30,DE,DE,workshop,workshop
91373995,1249034665,4,,,2022-01-30,DE,DE,workshop,zipcode
91292329,1249034665,4,,,2022-01-19,DE,DE,workshop,workshop
91292330,1249034665,4,,,2022-01-19,DE,DE,workshop,showroom
91292331,1249034665,4,,,2022-01-19,DE,DE,showroom,zipcode
91187633,1249034665,3,2022-01-03,2022-01-04,,DE,DE,Branch,workshop
91606453,1249034665,3,2022-02-22,2022-03-02,,DE,DE,workshop,zipcode
91575138,1249101795,3,2022-02-16,2022-02-21,,DE,DE,workshop,Branch
91575139,1249101795,3,2022-02-21,2022-03-03,,DE,DE,Branch,zipcode
91308643,1249101795,3,2022-01-17,2022-01-25,,DE,DE,Branch,workshop
91318957,1249101795,3,2022-01-26,2022-02-01,,DE,DE,workshop,workshop
91569257,1249181148,4,,,2022-02-16,DE,DE,workshop,Branch
91569258,1249181148,4,,,2022-02-16,DE,DE,Branch,zipcode
91603493,1249181148,4,,,2022-02-27,DE,DE,workshop,Branch
91603494,1249181148,3,2022-03-01,2022-03-06,,DE,DE,Branch,zipcode
91680421,1249181148,3,2022-02-27,2022-03-01,,DE,DE,workshop,Branch
91248135,1249181148,3,2022-01-10,2022-01-13,,DE,DE,Branch,workshop
91991345,1249225905,3,2022-04-05,2022-04-19,,DE,DE,workshop,zipcode
91212651,1249225905,3,2022-01-05,2022-01-12,,DE,DE,Branch,workshop
92104546,1249237747,3,2022-04-18,2022-04-19,,PL,PL,workshop,zipcode
91207852,1249237747,3,2022-01-09,2022-01-10,,AT,AT,Branch,LC
91207853,1249237747,3,2022-01-11,2022-01-18,,AT,PL,LC,workshop
91447250,1249237747,3,2022-02-01,2022-02-01,,PL,PL,workshop,workshop
91380437,1249290098,3,2022-01-25,2022-02-03,,ES,ES,Branch,workshop
91719726,1249290098,3,2022-03-08,2022-03-10,,ES,ES,workshop,zipcode
91361170,1249290098,4,2022-01-23,,2022-01-25,ES,ES,Branch,workshop
91455229,1249306929,3,2022-02-02,2022-02-01,,PL,PL,LC,LC
91450142,1249306929,3,2022-02-01,2022-02-01,,PL,PL,workshop,LC
91449595,1249306929,4,,,2022-02-01,PL,PL,workshop,LC
91494460,1249306929,4,,,2022-02-06,PL,PL,LC,zipcode
91494841,1249306929,3,2022-03-03,2022-03-07,,PL,PL,LC,zipcode
91220963,1249306929,3,2022-01-06,2022-01-10,,DE,DE,Branch,LC
91220964,1249306929,3,2022-01-11,2022-01-23,,DE,PL,LC,workshop
91493656,1249306929,4,,,2022-02-06,PL,PL,LC,zipcode
91228737,1249431739,3,2022-01-09,2022-01-10,,ES,ES,Branch,workshop
91362866,1249434550,3,2022-01-23,2022-01-30,,DE,DE,Branch,LC
91362867,1249434550,4,,,2022-01-31,DE,DE,LC,workshop
91824623,1220053315,3,2022-03-15,2022-03-17,,DE,DE,Branch,workshop
91447007,1232646341,3,2022-02-01,2022-02-07,,ES,ES,Branch,workshop
91306625,1233233260,3,2022-01-17,2022-01-26,,DE,DE,Branch,workshop
91308470,1233233260,3,2022-01-26,2022-02-01,,DE,DE,workshop,workshop
91650014,1233233260,3,2022-02-24,2022-02-27,,DE,DE,workshop,Branch
91563645,1236516739,4,,,2022-02-22,DE,DE,workshop,Branch
91563646,1236516739,3,2022-03-01,2022-03-03,,DE,DE,Branch,zipcode
91636689,1236516739,3,2022-02-22,2022-03-01,,DE,DE,workshop,Branch
91268730,1236516739,3,2022-01-12,2022-01-19,,DE,DE,Branch,workshop
91647358,1239605039,4,,,2022-02-23,DE,DE,Branch,workshop
91650407,1239605039,3,2022-02-23,2022-03-13,,DE,DE,Branch,workshop
91730568,1241615004,4,2022-03-06,,2022-03-14,DE,DE,Branch,workshop
91815975,1241615004,3,2022-03-14,2022-03-17,,DE,DE,Branch,workshop
92158344,1244137668,1,,,,DE,DE,workshop,workshop
92158345,1244137668,1,,,,DE,DE,workshop,zipcode
91443375,1244137668,3,2022-02-01,2022-02-15,,DE,DE,Branch,workshop
91866140,1244212447,3,2022-03-20,2022-03-22,,DE,DE,Branch,workshop
91802766,1245254112,3,2022-03-13,2022-03-22,,ES,ES,Branch,workshop
91572964,1245748999,3,2022-02-15,2022-02-24,,ES,ES,Branch,workshop
92192743,1246001358,1,,,,ES,ES,showroom,zipcode
92192742,1246001358,2,2022-04-27,,,ES,ES,workshop,showroom
91647799,1246001358,3,2022-02-23,2022-03-06,,ES,ES,Branch,workshop
91923843,1246031405,3,2022-03-27,2022-02-24,,ES,ES,workshop,zipcode
91585104,1246031405,4,2022-02-16,,2022-02-17,ES,ES,workshop,Branch
91585105,1246031405,4,,,2022-02-17,ES,ES,Branch,zipcode
91425596,1246031405,3,2022-01-30,2022-02-02,,ES,ES,Branch,workshop
91623635,1246914710,3,2022-02-21,2022-03-02,,DE,DE,Branch,workshop
91833249,1246914710,3,2022-03-16,2022-03-23,,DE,DE,workshop,zipcode
91186399,1247099059,3,2022-01-02,2022-01-13,,ES,ES,Branch,workshop
91692664,1247158784,4,,,2022-03-09,DE,DE,workshop,workshop
91692665,1247158784,3,2022-03-13,2022-03-16,,DE,DE,workshop,zipcode
91772323,1247158784,3,2022-03-09,2022-03-11,,DE,DE,workshop,workshop
91280081,1247158784,3,2022-01-13,2022-01-18,,DE,DE,Branch,workshop
91281771,1247158784,3,2022-01-18,2022-01-27,,DE,DE,workshop,workshop
91351125,1247438306,3,2022-01-23,2022-01-25,,DE,DE,Branch,workshop
91755393,1247438306,3,2022-03-13,2022-03-20,,DE,DE,workshop,LC
91755394,1247438306,3,2022-03-20,2022-03-22,,DE,DE,LC,zipcode
91206527,1247627001,3,2022-01-13,2022-01-16,,DE,DE,Branch,LC
91206528,1247627001,3,2022-01-23,2022-01-27,,DE,PL,LC,workshop
91198201,1247627001,4,,,2022-01-04,DE,DE,Branch,LC
91426254,1247627001,3,2022-01-30,2022-01-30,,PL,PL,workshop,workshop
91572705,1247627001,3,2022-02-15,2022-02-14,,PL,PL,workshop,workshop
91500377,1247627001,3,2022-02-07,2022-02-07,,PL,PL,workshop,workshop
91379352,1247990005,3,2022-01-25,2022-01-27,,ES,ES,Branch,workshop
91784237,1247990005,4,,,2022-03-13,ES,ES,workshop,zipcode
91611549,1248136598,3,2022-02-20,2022-02-23,,DE,DE,Branch,workshop
91510532,1248136598,4,2022-02-08,,2022-02-17,DE,DE,Branch,workshop
91593279,1248136598,4,2022-02-17,,2022-02-20,DE,DE,Branch,workshop
91750823,1248304412,3,2022-03-14,2022-03-15,,ES,ES,workshop,zipcode
91195107,1248304412,3,2022-01-03,2022-01-09,,ES,ES,Branch,workshop
91744428,1248389649,3,2022-03-08,2022-03-16,,DE,DE,workshop,workshop
91744429,1248389649,3,2022-03-17,2022-03-21,,DE,DE,workshop,zipcode
91350484,1248389649,3,2022-01-23,2022-01-25,,DE,DE,Branch,workshop
91395968,1248389649,3,2022-01-26,2022-02-01,,DE,DE,workshop,workshop
91200645,1248536918,3,2022-01-04,2022-01-10,,ES,ES,Branch,workshop
91389488,1248628953,3,2022-01-26,2022-01-27,,ES,ES,Branch,workshop
91622277,1248628953,3,2022-02-24,2022-03-01,,ES,ES,workshop,showroom
91622278,1248628953,3,2022-03-02,2022-03-07,,ES,ES,showroom,zipcode
91446201,1248735361,3,2022-02-01,2022-02-03,,DE,DE,Branch,LC
91446202,1248735361,3,2022-02-06,2022-02-07,,DE,DE,LC,workshop
91250613,1248814993,3,2022-01-10,2022-01-12,,DE,DE,Branch,LC
91250614,1248814993,3,2022-01-13,2022-01-27,,DE,DE,LC,workshop
91260346,1248814993,3,2022-01-27,2022-02-01,,DE,DE,workshop,workshop
91640307,1248814993,3,2022-02-24,2022-03-01,,DE,DE,workshop,zipcode
91634946,1249018823,3,2022-02-22,2022-02-22,,PL,PL,workshop,workshop
91286930,1249018823,3,2022-01-16,2022-01-16,,DE,DE,Branch,LC
91286931,1249018823,3,2022-01-17,2022-01-20,,DE,PL,LC,workshop
91853863,1249018823,4,,,2022-03-29,PL,PL,workshop,showroom
91853864,1249018823,4,,,2022-03-29,PL,PL,showroom,zipcode
91523542,1249018823,3,2022-02-09,2022-02-09,,PL,PL,workshop,workshop
91950530,1249018823,3,2022-04-04,2022-04-03,,PL,PL,workshop,zipcode
91582425,1249018823,3,2022-02-16,2022-02-16,,PL,PL,workshop,workshop
91536286,1249056733,3,2022-02-13,2022-02-13,,DE,DE,workshop,LC
91767425,1249056733,3,2022-03-09,2022-03-25,,DE,BE,LC,zipcode
91447822,1249056733,4,2022-02-01,,2022-02-07,DE,DE,Branch,workshop
91499284,1249056733,3,2022-02-07,2022-02-08,,DE,DE,Branch,workshop
91458278,1249091021,3,2022-02-02,2022-02-03,,DE,DE,Branch,workshop
91529900,1249280352,3,2022-02-10,2022-02-10,,DE,DE,workshop,LC
91463973,1249280352,3,2022-02-03,2022-02-06,,DE,DE,workshop,workshop
91351438,1249280352,3,2022-01-23,2022-01-31,,DE,DE,Branch,workshop
91360400,1249285003,4,,,2022-01-23,DE,DE,Branch,workshop
91360408,1249285003,4,,,2022-01-23,DE,DE,Branch,workshop
91360411,1249285003,3,2022-01-23,2022-01-26,,DE,DE,Branch,workshop
91608063,1249285003,3,2022-02-23,2022-02-23,,DE,DE,workshop,workshop
91357596,1249285003,4,,,2022-01-23,DE,DE,Branch,workshop
91238928,1249308522,3,2022-01-09,2022-01-11,,DE,DE,Branch,LC
91238929,1249308522,3,2022-01-12,2022-01-17,,DE,DE,LC,workshop
92171507,1249308522,2,2022-04-26,,,DE,DE,workshop,zipcode
91737472,1249313761,3,2022-03-07,2022-03-16,,DE,DE,workshop,workshop
91737473,1249313761,3,2022-03-17,2022-03-21,,DE,DE,workshop,zipcode
91310853,1249313761,3,2022-01-17,2022-01-20,,DE,DE,Branch,workshop
91318968,1249313761,3,2022-01-20,2022-01-20,,DE,DE,workshop,workshop
91637829,1249320253,3,2022-02-23,2022-03-06,,DE,DE,workshop,showroom
91637830,1249320253,3,2022-03-06,2022-03-20,,DE,DE,showroom,zipcode
91527627,1249320253,4,2022-02-14,,2022-02-20,DE,DE,workshop,zipcode
91207842,1249320253,3,2022-01-04,2022-01-11,,DE,DE,Branch,workshop
91320909,1249408111,3,2022-01-18,2022-01-23,,ES,ES,Branch,workshop
91482875,1249482551,4,2022-02-06,,2022-02-07,DE,DE,workshop,Branch
91499209,1249482551,3,2022-02-10,2022-02-14,,DE,DE,workshop,Branch
91245888,1249482551,3,2022-01-10,2022-01-13,,DE,DE,Branch,workshop
91271342,1249482551,3,2022-01-17,2022-01-17,,DE,DE,workshop,workshop
91698956,1249484502,3,2022-03-09,2022-03-15,,DE,DE,workshop,showroom
91698957,1249484502,3,2022-03-15,2022-03-18,,DE,DE,showroom,zipcode
91267772,1249484502,3,2022-01-16,2022-01-16,,DE,DE,workshop,workshop
91261526,1249484502,3,2022-01-12,2022-01-16,,DE,DE,Branch,workshop
91476797,1249490146,3,2022-02-06,2022-02-09,,ES,ES,workshop,Branch
91326476,1249490146,3,2022-01-19,2022-01-26,,ES,ES,Branch,workshop
91653273,1249582985,3,2022-02-24,2022-03-02,,DE,DE,Branch,workshop
91362485,1249582985,3,2022-01-23,2022-01-25,,DE,DE,Branch,workshop
91738676,1249582985,4,,,2022-03-09,DE,DE,workshop,workshop
91738677,1249582985,3,2022-03-15,2022-03-22,,DE,DE,workshop,zipcode
91772978,1249582985,3,2022-03-09,2022-03-15,,DE,DE,workshop,workshop
91576222,1249582985,4,,,2022-02-17,DE,DE,workshop,Branch
91576223,1249582985,4,,,2022-02-22,DE,DE,Branch,zipcode
91598876,1249582985,3,2022-02-17,2022-02-23,,DE,DE,workshop,Branch
91666348,1249434550,3,2022-03-03,2022-03-08,,DE,DE,workshop,workshop
91666349,1249434550,3,2022-03-09,2022-03-14,,DE,DE,workshop,zipcode
91436725,1249434550,3,2022-02-06,2022-02-10,,DE,DE,workshop,workshop
91436701,1249434550,3,2022-01-31,2022-02-03,,DE,DE,LC,workshop
91539671,1249636022,3,2022-02-20,2022-03-09,,DE,DE,workshop,zipcode
91256392,1249636022,3,2022-01-11,2022-01-16,,DE,DE,Branch,workshop
91259789,1249636022,3,2022-01-16,2022-01-16,,DE,DE,workshop,workshop
91287590,1249704173,3,2022-01-16,2022-01-19,,ES,ES,Branch,workshop
91301737,1249706791,3,2022-01-16,2022-01-26,,ES,ES,Branch,workshop
91941071,1249706791,3,2022-04-04,2022-04-14,,ES,ES,workshop,zipcode
91321495,1249733833,3,2022-01-18,2022-01-23,,ES,ES,Branch,workshop
91262797,1249745635,3,2022-01-11,2022-01-18,,ES,ES,Branch,workshop
91649004,1249745635,3,2022-02-24,2022-02-28,,ES,ES,workshop,workshop
91694447,1249745635,3,2022-02-28,2022-03-03,,ES,ES,workshop,zipcode
91615496,1249745635,4,2022-02-20,,2022-02-21,ES,ES,workshop,workshop
91615497,1249745635,4,,,2022-02-21,ES,ES,workshop,zipcode
91301588,1249762827,3,2022-01-16,2022-01-25,,ES,ES,Branch,workshop
91609857,1249792006,4,,,2022-02-27,DE,DE,workshop,Branch
91609858,1249792006,3,2022-03-03,2022-03-08,,DE,DE,Branch,zipcode
91684068,1249792006,3,2022-02-27,2022-03-03,,DE,DE,workshop,Branch
91447445,1249792006,3,2022-02-01,2022-02-08,,DE,DE,Branch,workshop
92141870,1249811901,1,,,,ES,ES,workshop,zipcode
91326470,1249811901,3,2022-01-19,2022-01-25,,ES,ES,Branch,workshop
91756121,1249966735,4,,,2022-03-13,DE,DE,workshop,LC
91756122,1249966735,4,,,2022-03-13,DE,DE,LC,zipcode
92003391,1249966735,3,2022-04-05,2022-04-20,,DE,DE,workshop,zipcode
91379603,1249966735,3,2022-01-25,2022-01-30,,DE,DE,Branch,workshop
91669762,1250050903,3,2022-02-27,2022-03-03,,ES,ES,Branch,workshop
91482141,1250124423,3,2022-02-07,2022-02-10,,ES,ES,LC,zipcode
91360546,1250124423,3,2022-01-23,2022-01-30,,ES,ES,Branch,workshop
91342994,1250199304,3,2022-01-20,2022-01-30,,ES,ES,Branch,workshop
91754233,1250433814,3,2022-03-15,2022-03-22,,DE,DE,workshop,zipcode
91406139,1250433814,3,2022-02-07,2022-02-10,,DE,DE,workshop,workshop
91403310,1250433814,3,2022-01-27,2022-02-06,,DE,DE,Branch,workshop
91517760,1250524804,3,2022-02-09,2022-02-15,,ES,ES,Branch,workshop
91463045,1250639528,3,2022-02-02,2022-02-10,,ES,ES,Branch,workshop
91762965,1250769143,3,2022-03-08,2022-03-08,,PL,PL,workshop,LC
91790827,1250769143,4,,,2022-03-11,PL,FR,LC,LC
91790828,1250769143,4,,,2022-03-11,FR,BG,LC,zipcode
91452566,1250769143,3,2022-02-01,2022-02-06,,IT,IT,Branch,LC
91452567,1250769143,3,2022-02-13,2022-02-22,,IT,PL,LC,workshop
92111155,1250783418,3,2022-04-24,2022-04-26,,ES,ES,workshop,zipcode
91479327,1250783418,3,2022-02-06,2022-02-10,,ES,ES,Branch,workshop
91509224,1250878362,3,2022-02-08,2022-02-15,,ES,ES,Branch,workshop
91796524,1250878362,3,2022-03-13,2022-03-14,,ES,ES,LC,zipcode
91657444,1250884294,3,2022-02-24,2022-02-27,,DE,DE,workshop,Branch
91657445,1250884294,3,2022-02-28,2022-03-20,,DE,DE,Branch,zipcode
91480467,1250884294,3,2022-02-05,2022-02-14,,DE,DE,Branch,workshop
91534881,1250899189,3,2022-02-10,2022-02-14,,DE,DE,Branch,LC
91534882,1250899189,3,2022-02-14,2022-02-23,,DE,DE,LC,workshop
91514927,1250919697,4,2022-02-08,,2022-02-15,ES,ES,Branch,workshop
91731302,1250925195,3,2022-03-06,2022-03-07,,ES,ES,Branch,workshop
92042809,1250925195,3,2022-04-12,2022-04-15,,ES,ES,workshop,zipcode
92000861,1250965139,3,2022-04-04,2022-04-13,,DE,DE,workshop,zipcode
91624136,1250965139,3,2022-02-21,2022-02-24,,DE,DE,Branch,workshop
91656218,1250965139,3,2022-02-24,2022-03-08,,DE,DE,LC,workshop
91721919,1251043148,3,2022-03-03,2022-03-13,,ES,ES,workshop,showroom
91721920,1251043148,3,2022-03-14,2022-03-18,,ES,ES,showroom,zipcode
91703332,1251043148,4,2022-03-01,,2022-03-02,ES,ES,workshop,showroom
91703333,1251043148,4,,,2022-03-02,ES,ES,showroom,zipcode
91556714,1251043148,3,2022-02-13,2022-02-17,,ES,ES,Branch,workshop
91779253,1251089417,3,2022-03-15,2022-03-17,,DE,DE,Branch,workshop
92096560,1251089417,1,,,,DE,DE,workshop,showroom
92187100,1251147479,1,,,,DE,DE,workshop,workshop
92187101,1251147479,1,,,,DE,DE,workshop,zipcode
92075884,1251147479,4,,,2022-04-15,DE,DE,workshop,workshop
92075885,1251147479,4,,,2022-04-15,DE,DE,workshop,zipcode
91572949,1251147479,3,2022-02-15,2022-02-16,,DE,DE,Branch,workshop
92057497,1251150836,3,2022-04-12,2022-04-19,,DE,DE,workshop,zipcode
91805844,1251150836,3,2022-03-13,2022-03-15,,DE,DE,LC,workshop
91741018,1251150836,3,2022-03-10,2022-03-13,,DE,DE,Branch,workshop
91532413,1251194475,4,2022-02-13,,2022-02-15,DE,DE,Branch,LC
91532414,1251194475,3,2022-02-21,2022-02-21,,DE,DE,LC,workshop
91571475,1251194475,3,2022-02-15,2022-02-20,,DE,DE,Branch,LC
91600237,1251229598,4,2022-02-17,,2022-02-24,DE,DE,Branch,workshop
91656182,1251229598,3,2022-02-24,2022-02-28,,DE,DE,Branch,workshop
91598015,1251229598,4,,,2022-02-17,DE,DE,Branch,workshop
91595348,1251229598,4,,,2022-02-17,DE,DE,Branch,LC
91701778,1251229598,3,2022-03-01,2022-03-02,,DE,DE,LC,workshop
92170533,1251229598,1,,,,DE,DE,LC,zipcode
92191483,1251229598,4,,,2022-04-27,DE,DE,workshop,LC
92170532,1251229598,4,,,2022-04-27,DE,DE,workshop,LC
92191486,1251229598,2,2022-04-27,,,DE,DE,workshop,LC
91530340,1251244967,4,,,2022-02-10,DE,DE,Branch,LC
91549892,1251244967,3,2022-02-13,2022-02-16,,DE,DE,Branch,workshop
91538471,1251244967,4,,,2022-02-13,DE,DE,Branch,workshop
91555301,1251339570,3,2022-02-13,2022-02-16,,ES,ES,Branch,workshop
91972910,1251444454,4,,,2022-04-06,DE,DE,workshop,zipcode
91567270,1251444454,3,2022-02-14,2022-03-10,,DE,DE,Branch,workshop
91564865,1251444454,4,,,2022-02-14,DE,DE,Branch,workshop
91585683,1251642705,3,2022-02-16,2022-02-23,,ES,ES,Branch,workshop
91750100,1251723016,3,2022-03-07,2022-03-15,,ES,ES,Branch,workshop
91713172,1251733481,3,2022-03-02,2022-03-10,,DE,DE,LC,workshop
92146926,1251733481,1,,,,DE,DE,workshop,showroom
92146927,1251733481,1,,,,DE,DE,showroom,zipcode
91637515,1251733481,3,2022-02-22,2022-02-23,,DE,DE,Branch,LC
91637516,1251733481,4,2022-02-24,,2022-03-02,DE,DE,LC,workshop
91713177,1251871455,3,2022-03-02,2022-03-06,,DE,DE,LC,workshop
92138178,1251871455,1,,,,DE,DE,showroom,zipcode
92138177,1251871455,1,,,,DE,DE,workshop,showroom
91637124,1251871455,3,2022-02-22,2022-02-23,,DE,DE,Branch,LC
91637125,1251871455,4,2022-02-27,,2022-03-02,DE,DE,LC,workshop
91727291,1251919238,3,2022-03-03,2022-03-17,,DE,DE,Branch,workshop
91820751,1251945741,3,2022-03-15,2022-03-17,,DE,DE,Branch,workshop
91677855,1251975574,3,2022-02-27,2022-03-01,,ES,ES,Branch,workshop
91713166,1251990445,3,2022-03-02,2022-03-06,,DE,DE,LC,workshop
91643464,1251990445,3,2022-02-23,2022-02-25,,DE,DE,Branch,LC
91643465,1251990445,4,2022-02-27,,2022-03-02,DE,DE,LC,workshop
91754450,1252000550,3,2022-03-08,2022-03-10,,DE,DE,Branch,workshop
91718155,1252024526,3,2022-03-03,2022-03-16,,DE,DE,Branch,workshop
91683028,1252041622,3,2022-02-27,2022-03-07,,DE,DE,Branch,workshop
91680643,1252081066,3,2022-02-27,2022-03-06,,DE,DE,Branch,workshop
92099895,1252244249,1,,,,DE,DE,Branch,zipcode
92099894,1252244249,2,2022-04-18,,,DE,DE,workshop,Branch
91727279,1252244249,3,2022-03-05,2022-03-06,,DE,DE,Branch,LC
91727280,1252244249,3,2022-03-07,2022-03-13,,DE,DE,LC,workshop
91914619,1252251215,3,2022-03-28,2022-03-30,,ES,ES,workshop,zipcode
91362892,1249616146,3,2022-01-27,2022-02-01,,DE,DE,workshop,workshop
91698724,1249616146,4,,,2022-03-02,DE,DE,workshop,workshop
91698725,1249616146,3,2022-03-06,2022-03-15,,DE,DE,workshop,zipcode
91716874,1249616146,3,2022-03-02,2022-03-06,,DE,DE,workshop,workshop
91360671,1249616146,4,,,2022-01-23,DE,DE,Branch,workshop
91360675,1249616146,4,,,2022-01-23,DE,DE,Branch,workshop
91362889,1249616146,3,2022-01-23,2022-01-27,,DE,DE,Branch,workshop
91345631,1249616146,4,2022-01-20,,2022-01-23,DE,DE,Branch,workshop
91287612,1249625073,3,2022-01-16,2022-01-20,,ES,ES,Branch,workshop
91624912,1249631049,3,2022-02-21,2022-03-01,,DE,DE,Branch,workshop
91476249,1249654687,3,2022-02-06,2022-02-14,,ES,ES,Branch,workshop
91591090,1249692705,3,2022-02-20,2022-02-27,,DE,DE,workshop,workshop
91591091,1249692705,3,2022-02-28,2022-03-07,,DE,DE,workshop,zipcode
91296093,1249692705,3,2022-01-19,2022-01-27,,DE,DE,workshop,workshop
91287286,1249692705,3,2022-01-16,2022-01-19,,DE,DE,Branch,workshop
91311712,1249694693,3,2022-01-17,2022-01-19,,ES,ES,Branch,workshop
91422349,1249717195,3,2022-01-30,2022-01-31,,ES,ES,workshop,LC
91323433,1249717195,3,2022-01-18,2022-01-23,,ES,ES,Branch,workshop
91816768,1249717195,3,2022-03-15,2022-03-22,,ES,ES,LC,zipcode
91274352,1249722214,3,2022-01-12,2022-01-19,,ES,ES,Branch,workshop
91629230,1249738983,1,,,,ES,ES,Branch,zipcode
91629229,1249738983,2,2022-04-14,,,ES,ES,workshop,Branch
91336810,1249738983,3,2022-01-20,2022-01-24,,ES,ES,Branch,workshop
91423026,1249772143,3,2022-01-30,2022-02-06,,ES,ES,Branch,workshop
91299591,1249787855,3,2022-01-16,2022-01-26,,ES,ES,Branch,workshop
91442120,1249825434,3,2022-01-31,2022-02-22,,DE,DE,Branch,workshop
91441698,1249825434,4,,,2022-01-31,DE,DE,Branch,workshop
91991109,1249825434,3,2022-04-03,2022-04-12,,DE,DE,workshop,zipcode
91702757,1249831225,3,2022-03-01,2022-03-01,,PL,PL,workshop,workshop
91592329,1249831225,3,2022-02-17,2022-02-17,,PL,PL,workshop,workshop
91751737,1249831225,3,2022-03-07,2022-03-07,,PL,PL,workshop,workshop
91307681,1249831225,3,2022-01-23,2022-01-31,,DE,PL,LC,workshop
91833763,1249831225,4,,,2022-03-17,PL,PL,workshop,zipcode
91301387,1249831225,3,2022-01-17,2022-01-21,,DE,DE,Branch,LC
91358145,1249859683,3,2022-02-06,2022-02-07,,DE,DE,Branch,LC
91358146,1249859683,3,2022-02-08,2022-02-13,,DE,DE,LC,workshop
91381142,1249939079,3,2022-01-25,2022-01-31,,DE,DE,Branch,workshop
91491219,1250004259,3,2022-02-06,2022-02-10,,DE,DE,Branch,LC
91554932,1250004259,3,2022-02-13,2022-02-23,,DE,PL,LC,workshop
91931673,1250004259,3,2022-03-27,2022-03-27,,PL,PL,workshop,zipcode
91838806,1250004259,4,,,2022-03-20,PL,PL,workshop,zipcode
91764215,1250004259,3,2022-03-08,2022-03-08,,PL,PL,workshop,workshop
91815267,1250004259,3,2022-03-14,2022-03-14,,PL,PL,workshop,workshop
91864623,1250004259,3,2022-03-20,2022-03-20,,PL,PL,workshop,workshop
92173287,1250015545,1,,,,ES,ES,showroom,zipcode
92173286,1250015545,1,,,,ES,ES,workshop,showroom
91312002,1250015545,3,2022-01-17,2022-01-20,,ES,ES,Branch,workshop
91423019,1250092458,3,2022-01-30,2022-02-06,,ES,ES,Branch,LC
91423020,1250092458,3,2022-02-22,2022-02-24,,ES,ES,LC,workshop
91360559,1250132094,3,2022-01-23,2022-01-25,,DE,DE,Branch,workshop
91686944,1250132094,3,2022-03-03,2022-03-14,,DE,DE,workshop,zipcode
91342642,1250234445,3,2022-01-23,2022-01-24,,DE,DE,Branch,workshop
91644580,1250234445,3,2022-02-24,2022-03-06,,DE,DE,workshop,showroom
91644581,1250234445,3,2022-03-06,2022-03-13,,DE,DE,showroom,zipcode
91368866,1250252645,3,2022-01-24,2022-01-25,,ES,ES,Branch,workshop
91404237,1250291099,3,2022-01-27,2022-02-03,,DE,DE,Branch,workshop
91961089,1250291099,3,2022-03-31,2022-04-04,,DE,DE,workshop,zipcode
91406158,1250291099,3,2022-02-03,2022-02-06,,DE,DE,workshop,workshop
91667529,1250326831,3,2022-02-27,2022-03-06,,DE,DE,Branch,workshop
91386373,1250345818,3,2022-01-26,2022-02-06,,DE,DE,Branch,LC
91386374,1250345818,3,2022-02-06,2022-02-06,,DE,DE,LC,workshop
91926916,1250374167,3,2022-03-27,2022-04-04,,DE,DE,workshop,zipcode
91627023,1250374167,4,,,2022-02-23,DE,DE,workshop,Branch
91627024,1250374167,4,,,2022-02-23,DE,DE,Branch,zipcode
91423514,1250374167,3,2022-01-30,2022-02-06,,DE,DE,Branch,workshop
91426473,1250374167,3,2022-02-07,2022-02-10,,DE,DE,workshop,workshop
92010349,1250391850,3,2022-04-12,2022-04-14,,ES,ES,workshop,zipcode
91958163,1250391850,4,,,2022-04-05,ES,ES,workshop,zipcode
91425291,1250391850,3,2022-01-30,2022-02-06,,ES,ES,Branch,LC
91425292,1250391850,3,2022-02-22,2022-02-24,,ES,ES,LC,workshop
91471418,1250503531,3,2022-02-03,2022-02-14,,ES,ES,Branch,workshop
92169900,1250562121,4,,,2022-04-27,DE,DE,workshop,workshop
92185912,1250562121,2,2022-04-27,,,DE,DE,workshop,workshop
91437580,1250562121,3,2022-01-31,2022-02-08,,DE,DE,Branch,workshop
92168362,1250633467,1,,,,ES,ES,Branch,zipcode
92168361,1250633467,2,2022-04-27,,,ES,ES,workshop,Branch
91535529,1250633467,3,2022-02-10,2022-02-14,,ES,ES,Branch,workshop
91426838,1250641103,3,2022-01-30,2022-01-31,,ES,ES,Branch,workshop
91716657,1250665134,3,2022-03-02,2022-03-13,,ES,ES,Branch,workshop
92178460,1250686187,1,,,,DE,DE,showroom,zipcode
92178459,1250686187,2,2022-04-27,,,DE,DE,workshop,showroom
91623063,1250686187,3,2022-02-21,2022-02-21,,DE,DE,LC,workshop
91584451,1250686187,4,,,2022-02-21,DE,DE,LC,workshop
91561979,1250686187,3,2022-02-14,2022-02-18,,DE,DE,Branch,LC
91584795,1250700299,4,,,2022-02-17,DE,DE,LC,workshop
91600187,1250700299,3,2022-02-17,2022-02-25,,DE,DE,LC,workshop
91569370,1250700299,3,2022-02-14,2022-02-17,,DE,DE,Branch,LC
91468727,1250717531,3,2022-02-03,2022-02-10,,DE,DE,Branch,workshop
91622546,1250852549,3,2022-02-24,2022-03-01,,ES,ES,workshop,showroom
91622547,1250852549,3,2022-03-02,2022-03-08,,ES,ES,showroom,zipcode
91517764,1250852549,3,2022-02-09,2022-02-10,,ES,ES,Branch,workshop
91531091,1250900914,3,2022-02-10,2022-02-22,,ES,ES,Branch,workshop
91549810,1250921429,3,2022-02-13,2022-02-16,,DE,DE,Branch,workshop
91536044,1250921429,4,,,2022-02-13,DE,DE,Branch,workshop
91646481,1250949207,3,2022-02-23,2022-03-03,,ES,ES,Branch,workshop
91511335,1251053444,3,2022-02-08,2022-02-09,,ES,ES,Branch,workshop
91675545,1251064795,4,2022-02-27,,2022-03-02,DE,DE,workshop,LC
91554657,1251064795,3,2022-02-13,2022-02-23,,DE,DE,Branch,workshop
91747600,1251064795,4,,,2022-03-06,DE,DE,LC,zipcode
91572539,1251120621,3,2022-02-15,2022-02-16,,DE,DE,Branch,LC
91572540,1251120621,3,2022-02-20,2022-02-22,,DE,DE,LC,workshop
91605631,1251356021,3,2022-02-20,2022-02-23,,DE,DE,Branch,workshop
91810558,1251367588,3,2022-03-14,2022-03-21,,ES,ES,Branch,workshop
92075521,1251368692,4,,,2022-04-18,DE,DE,workshop,Branch
92075522,1251368692,4,,,2022-04-18,DE,DE,Branch,zipcode
91614572,1251368692,3,2022-02-20,2022-02-21,,DE,DE,Branch,LC
91614573,1251368692,3,2022-02-22,2022-02-24,,DE,DE,LC,workshop
92169933,1251368692,4,,,2022-04-27,DE,DE,workshop,workshop
92185837,1251368692,4,2022-04-27,,,DE,DE,workshop,workshop
92195957,1251368692,2,2022-04-28,,,DE,DE,workshop,workshop
92085970,1251377769,2,2022-04-17,,,DE,DE,workshop,zipcode
91606057,1251377769,3,2022-02-20,2022-02-22,,DE,DE,Branch,workshop
91603278,1251477548,3,2022-02-20,2022-02-27,,ES,ES,Branch,workshop
91854515,1251477548,3,2022-03-20,2022-03-29,,ES,ES,workshop,zipcode
92105892,1251510171,4,2022-04-21,,2022-04-26,DE,DE,workshop,zipcode
92181332,1251510171,2,2022-04-26,,,DE,DE,workshop,zipcode
91757977,1252251215,3,2022-03-07,2022-03-14,,ES,ES,Branch,workshop
91731170,1252296745,3,2022-03-06,2022-03-10,,DE,DE,Branch,workshop
91722841,1252323711,3,2022-03-03,2022-03-10,,DE,DE,Branch,workshop
91756021,1252409667,3,2022-03-07,2022-03-09,,DE,DE,Branch,LC
91756022,1252409667,3,2022-03-13,2022-03-17,,DE,DE,LC,workshop
91846232,1252470601,3,2022-03-17,2022-03-20,,DE,DE,LC,workshop
91745288,1252470601,3,2022-03-06,2022-03-17,,DE,DE,Branch,workshop
91831219,1252600898,3,2022-03-16,2022-03-22,,ES,ES,Branch,workshop
91788004,1252688362,3,2022-03-10,2022-03-21,,ES,ES,Branch,workshop
91484436,1250712276,3,2022-02-06,2022-02-06,,IT,IT,Branch,LC
91824257,1250712276,3,2022-03-15,2022-03-15,,PL,PL,workshop,workshop
91502553,1250712276,3,2022-02-07,2022-03-07,,IT,PL,LC,workshop
91894391,1250712276,3,2022-03-23,2022-03-23,,PL,PL,workshop,workshop
91766072,1250712276,3,2022-03-08,2022-03-08,,PL,PL,workshop,workshop
91867407,1252718164,3,2022-03-20,2022-03-23,,DE,DE,Branch,workshop
91679687,1251986839,3,2022-02-27,2022-03-23,,DE,DE,Branch,workshop
91865830,1253090812,3,2022-03-20,2022-03-24,,DE,DE,Branch,workshop
91424918,1250210055,3,2022-01-30,2022-02-01,,IT,IT,Branch,LC
91847654,1250210055,3,2022-03-17,2022-03-17,,PL,PL,workshop,workshop
91825956,1250210055,3,2022-03-15,2022-03-15,,PL,PL,workshop,workshop
91907293,1250210055,3,2022-03-24,2022-03-24,,PL,PL,workshop,workshop
91962184,1250210055,4,,,2022-03-30,PL,PL,workshop,zipcode
91443679,1250210055,3,2022-02-09,2022-02-21,,IT,PL,LC,workshop
91962188,1250210055,3,2022-03-30,2022-04-03,,PL,PL,workshop,zipcode
91856647,1251321404,3,2022-03-21,2022-03-22,,DE,DE,Branch,LC
91856648,1251321404,3,2022-03-23,2022-03-24,,DE,DE,LC,workshop
91301108,1249727775,3,2022-01-17,2022-01-18,,DE,DE,Branch,LC
91301109,1249727775,3,2022-01-20,2022-01-24,,DE,DE,LC,workshop
91875812,1249727775,4,,,2022-03-22,DE,DE,workshop,LC
91875813,1249727775,3,2022-03-24,2022-03-28,,DE,DE,LC,zipcode
91887267,1249727775,3,2022-03-22,2022-03-24,,DE,DE,workshop,LC
91816924,1248866779,3,2022-03-15,2022-03-27,,DE,DE,workshop,Branch
91429860,1248866779,3,2022-01-31,2022-02-02,,DE,DE,LC,workshop
91429904,1248866779,3,2022-02-02,2022-02-06,,DE,DE,workshop,workshop
91319142,1248866779,3,2022-01-18,2022-01-25,,DE,DE,Branch,LC
91319143,1248866779,4,,,2022-01-30,DE,DE,LC,workshop
91341102,1248866779,4,,,2022-01-30,DE,DE,workshop,workshop
91316073,1248866779,4,,,2022-01-18,DE,DE,Branch,workshop
91897803,1240688953,3,2022-03-23,2022-03-28,,ES,ES,workshop,showroom
91912756,1240688953,3,2022-03-28,2022-03-31,,ES,ES,showroom,zipcode
91556710,1240688953,3,2022-02-13,2022-02-23,,ES,ES,Branch,workshop
91879879,1240688953,4,2022-03-21,,2022-03-22,ES,ES,workshop,showroom
91879880,1240688953,4,,,2022-03-22,ES,ES,showroom,zipcode
91904037,1252824778,3,2022-03-24,2022-03-28,,DE,DE,Branch,workshop
91850923,1252674273,4,2022-03-17,,2022-03-22,DE,DE,Branch,workshop
91892369,1252674273,3,2022-03-22,2022-03-28,,DE,DE,Branch,workshop
91847901,1252674273,4,,,2022-03-17,DE,DE,Branch,workshop
91864249,1253027263,3,2022-03-20,2022-03-28,,ES,ES,Branch,workshop
91886255,1253294279,3,2022-03-22,2022-03-28,,DE,DE,Branch,workshop
91563739,1251495122,3,2022-02-14,2022-02-20,,ES,ES,Branch,workshop
91886763,1251495122,3,2022-03-22,2022-03-27,,ES,ES,workshop,showroom
91912251,1251495122,3,2022-03-28,2022-03-31,,ES,ES,showroom,zipcode
91861492,1251495122,4,2022-03-20,,2022-03-21,ES,ES,workshop,showroom
91861493,1251495122,4,,,2022-03-21,ES,ES,showroom,zipcode
91871629,1250554487,3,2022-03-21,2022-03-29,,DE,DE,Branch,workshop
91490830,1237953559,4,2022-02-06,,2022-02-08,DE,DE,Branch,workshop
91512087,1237953559,3,2022-02-08,2022-02-10,,DE,DE,Branch,workshop
91887715,1237953559,4,,,2022-03-27,DE,DE,workshop,showroom
91887716,1237953559,3,2022-03-29,2022-03-31,,DE,DE,showroom,zipcode
91927389,1237953559,3,2022-03-27,2022-03-29,,DE,DE,workshop,showroom
91866138,1252664058,3,2022-03-20,2022-03-28,,DE,DE,Branch,LC
91866139,1252664058,3,2022-03-29,2022-03-29,,DE,DE,LC,workshop
91854748,1252762726,3,2022-03-20,2022-03-30,,DE,DE,Branch,workshop
91323896,1248699655,3,2022-01-22,2022-02-01,,DE,DE,Branch,LC
91323897,1248699655,3,2022-02-06,2022-02-07,,DE,DE,LC,workshop
91895114,1248699655,4,,,2022-03-28,DE,DE,workshop,Branch
91895115,1248699655,3,2022-03-30,2022-04-05,,DE,DE,Branch,zipcode
91941109,1248699655,3,2022-03-28,2022-03-30,,DE,DE,workshop,Branch
91946702,1253224701,3,2022-03-29,2022-03-30,,ES,ES,Branch,workshop
91908344,1253338187,3,2022-03-27,2022-03-30,,DE,DE,Branch,workshop
91689087,1220429351,3,2022-02-28,2022-02-28,,ES,ES,workshop,LC
92168287,1220429351,4,,,2022-04-26,ES,ES,LC,zipcode
92174059,1220429351,2,2022-04-26,,,ES,ES,LC,zipcode
91454103,1220429351,3,2022-02-02,2022-02-15,,ES,ES,Branch,LC
91454104,1220429351,3,2022-02-16,2022-02-23,,ES,ES,LC,workshop
91919080,1240920310,3,2022-03-27,2022-03-31,,DE,DE,Branch,workshop
91833937,1252986653,3,2022-03-16,2022-03-31,,DE,DE,Branch,workshop
91942654,1253480304,3,2022-03-28,2022-04-03,,DE,DE,Branch,workshop
91954548,1253588467,3,2022-03-29,2022-04-03,,DE,DE,Branch,workshop
91952797,1253588467,4,,,2022-03-29,DE,DE,Branch,workshop
91642303,1251806788,3,2022-02-23,2022-03-06,,DE,DE,Branch,workshop
91878052,1251806788,3,2022-03-21,2022-04-01,,DE,DE,workshop,workshop
91878053,1251806788,3,2022-04-03,2022-04-05,,DE,DE,workshop,zipcode
91967929,1253042817,3,2022-03-30,2022-04-03,,DE,DE,Branch,workshop
91982228,1253632210,4,,,2022-04-03,DE,DE,Branch,workshop
91991141,1253632210,3,2022-04-03,2022-04-04,,DE,DE,Branch,workshop
91904828,1250253683,4,,,2022-03-24,ES,ES,workshop,showroom
91904829,1250253683,4,,,2022-03-24,ES,ES,showroom,zipcode
91902487,1250253683,4,,,2022-03-24,ES,ES,workshop,showroom
91902488,1250253683,4,,,2022-03-24,ES,ES,showroom,zipcode
91379165,1250253683,3,2022-01-25,2022-01-26,,ES,ES,Branch,workshop
91904830,1250253683,3,2022-03-29,2022-04-04,,ES,ES,workshop,showroom
91904831,1250253683,3,2022-04-05,2022-04-21,,ES,ES,showroom,zipcode
91938799,1253498251,3,2022-03-28,2022-04-05,,DE,DE,Branch,workshop
91427376,1250567809,3,2022-01-31,2022-02-02,,DE,DE,Branch,workshop
91827467,1250567809,3,2022-03-16,2022-04-05,,DE,DE,workshop,showroom
91827468,1250567809,3,2022-04-05,2022-04-12,,DE,DE,showroom,zipcode
91441553,1250567809,3,2022-02-02,2022-02-02,,DE,DE,workshop,workshop
91995722,1252444089,3,2022-04-05,2022-04-12,,ES,ES,Branch,zipcode
91959084,1252444089,3,2022-03-30,2022-04-05,,ES,ES,workshop,Branch
91743376,1252444089,3,2022-03-06,2022-03-09,,ES,ES,Branch,workshop
92013673,1253086959,1,,,,DE,DE,LC,workshop
92174228,1253086959,2,2022-04-26,,,DE,DE,Branch,LC
92013672,1253086959,4,,,2022-04-26,DE,DE,Branch,LC
91939367,1235974418,3,2022-03-28,2022-03-28,,PL,PL,workshop,LC
91936425,1235974418,3,2022-03-28,2022-03-28,,PL,PL,workshop,workshop
91403827,1235974418,3,2022-01-27,2022-02-02,,IT,IT,Branch,LC
91626249,1235974418,3,2022-02-21,2022-03-15,,IT,PL,LC,workshop
91614019,1245803465,3,2022-02-20,2022-02-20,,DE,DE,LC,workshop
91585336,1245803465,3,2022-02-16,2022-02-18,,DE,DE,Branch,LC
91585337,1245803465,4,,,2022-02-20,DE,DE,LC,workshop
91925801,1245803465,3,2022-03-31,2022-04-05,,DE,DE,workshop,workshop
91925802,1245803465,3,2022-04-06,2022-04-12,,DE,DE,workshop,zipcode
91908749,1250750221,3,2022-03-24,2022-03-24,,PL,PL,workshop,workshop
91490390,1250750221,3,2022-02-06,2022-02-07,,IT,IT,Branch,LC
91490391,1250750221,3,2022-02-16,2022-03-01,,IT,PL,LC,workshop
91691825,1251510171,3,2022-02-28,2022-03-01,,DE,DE,Branch,LC
91691826,1251510171,3,2022-03-02,2022-03-03,,DE,DE,LC,workshop
91727269,1251652420,3,2022-03-03,2022-03-13,,ES,ES,Branch,workshop
91638374,1251878836,3,2022-02-22,2022-03-02,,ES,ES,Branch,workshop
91701131,1252042423,3,2022-03-01,2022-03-13,,DE,DE,Branch,workshop
91698436,1252042423,4,,,2022-03-01,DE,DE,Branch,workshop
92047888,1252076893,3,2022-04-17,2022-04-20,,DE,DE,workshop,zipcode
91702074,1252076893,3,2022-03-01,2022-03-14,,DE,DE,Branch,workshop
91729178,1252081115,3,2022-03-06,2022-03-08,,DE,DE,Branch,workshop
91813565,1252135834,3,2022-03-14,2022-03-20,,DE,DE,Branch,workshop
91807007,1252135834,4,,,2022-03-14,DE,DE,Branch,workshop
91718141,1252167443,4,2022-03-02,,2022-03-03,ES,ES,Branch,workshop
92013376,1252167443,3,2022-04-10,2022-04-21,,ES,ES,workshop,zipcode
91799984,1252167443,3,2022-03-13,2022-03-16,,ES,ES,Branch,workshop
91742994,1252201295,3,2022-03-06,2022-03-17,,DE,DE,Branch,workshop
91837651,1252329369,3,2022-03-20,2022-03-20,,DE,DE,Branch,workshop
91780976,1252417637,3,2022-03-10,2022-03-15,,ES,ES,Branch,workshop
91783358,1252448049,3,2022-03-10,2022-03-17,,DE,DE,Branch,workshop
91846268,1252448049,3,2022-03-17,2022-03-20,,DE,DE,LC,workshop
92181731,1252466745,1,,,,DE,DE,workshop,Branch
92181732,1252466745,1,,,,DE,DE,Branch,zipcode
91793925,1252466745,4,2022-03-13,,2022-03-16,DE,DE,Branch,workshop
91835068,1252466745,3,2022-03-16,2022-03-21,,DE,DE,Branch,workshop
91806988,1252536778,3,2022-03-14,2022-03-17,,DE,DE,Branch,workshop
91797940,1252564663,3,2022-03-13,2022-03-18,,DE,DE,Branch,workshop
91792434,1252564663,4,,,2022-03-11,DE,DE,Branch,LC
91852259,1252584228,3,2022-03-20,2022-03-21,,DE,DE,Branch,workshop
91828004,1252616939,3,2022-03-15,2022-03-21,,DE,DE,LC,workshop
91773608,1252616939,3,2022-03-09,2022-03-15,,DE,DE,Branch,workshop
91800501,1252676855,3,2022-03-13,2022-03-15,,DE,DE,Branch,workshop
91773010,1252759458,3,2022-03-09,2022-03-16,,DE,DE,Branch,workshop
92041566,1253000421,3,2022-04-11,2022-04-14,,ES,ES,workshop,zipcode
91833027,1253000421,3,2022-03-16,2022-03-21,,ES,ES,Branch,workshop
91756233,1251230964,3,2022-03-07,2022-03-07,,PL,PL,workshop,workshop
91681288,1251230964,3,2022-02-27,2022-02-27,,PL,PL,workshop,workshop
91899401,1251230964,3,2022-03-23,2022-03-23,,PL,PL,workshop,workshop
92169915,1251230964,2,2022-04-25,,,PL,PL,workshop,zipcode
91548064,1251230964,3,2022-02-13,2022-02-14,,DE,DE,Branch,LC
91551621,1251230964,3,2022-02-15,2022-02-22,,DE,PL,LC,workshop
92081488,1251230964,4,2022-04-20,,2022-04-25,PL,PL,workshop,zipcode
91841178,1252569344,3,2022-03-17,2022-03-24,,ES,ES,Branch,workshop
91850939,1252621648,4,2022-03-17,,2022-03-17,DE,DE,Branch,workshop
91851503,1252621648,3,2022-03-17,2022-03-24,,DE,DE,Branch,workshop
91677347,1250748802,3,2022-02-27,2022-02-27,,ES,ES,workshop,LC
91508261,1250748802,3,2022-02-08,2022-02-20,,ES,ES,Branch,workshop
91913104,1250748802,4,,,2022-03-27,ES,ES,LC,zipcode
91890049,1253350684,3,2022-03-22,2022-03-27,,ES,ES,Branch,workshop
91898846,1251670717,3,2022-03-23,2022-03-27,,DE,DE,Branch,workshop
91929347,1252257593,3,2022-03-27,2022-03-28,,DE,DE,LC,workshop
91777149,1252257593,3,2022-03-09,2022-03-13,,DE,DE,Branch,LC
91777150,1252257593,3,2022-03-13,2022-03-24,,DE,DE,LC,workshop
91342096,1249185880,3,2022-01-20,2022-01-25,,DE,DE,Branch,workshop
91751955,1249185880,3,2022-03-15,2022-03-28,,DE,DE,workshop,LC
91751956,1249185880,3,2022-03-28,2022-03-31,,DE,DE,LC,zipcode
91917480,1253487279,3,2022-03-27,2022-03-29,,ES,ES,Branch,workshop
91905656,1253442962,3,2022-03-24,2022-03-29,,DE,DE,Branch,LC
91905657,1253442962,3,2022-03-29,2022-03-29,,DE,DE,LC,workshop
91916559,1252401214,3,2022-03-27,2022-03-30,,ES,ES,Branch,workshop
91835690,1252927095,4,2022-03-16,,2022-03-24,DE,DE,Branch,workshop
91908535,1252927095,3,2022-03-24,2022-03-30,,DE,DE,Branch,workshop
91722404,1251961610,4,2022-03-03,,2022-03-06,DE,DE,Branch,workshop
91745892,1251961610,4,2022-03-06,,2022-03-07,DE,DE,Branch,workshop
91753179,1251961610,3,2022-03-07,2022-03-30,,DE,DE,Branch,workshop
91900178,1253330594,3,2022-03-24,2022-03-30,,DE,DE,Branch,workshop
91880055,1252417817,3,2022-03-21,2022-03-22,,DE,DE,Branch,LC
92157097,1252417817,2,2022-04-25,,,DE,DE,workshop,zipcode
91878920,1252417817,4,,,2022-03-21,DE,DE,Branch,LC
91878921,1252417817,4,,,2022-03-21,DE,DE,LC,workshop
91913011,1252417817,3,2022-03-27,2022-03-30,,DE,DE,LC,workshop
91880070,1252417817,4,,,2022-03-24,DE,DE,LC,workshop
91900412,1253345584,3,2022-03-23,2022-03-27,,DE,DE,Branch,LC
91900424,1253345584,4,,,2022-03-27,DE,DE,LC,workshop
91884831,1253345584,4,,,2022-03-23,DE,DE,Branch,LC
91884832,1253345584,4,,,2022-03-23,DE,DE,LC,workshop
91934347,1253345584,3,2022-03-28,2022-03-30,,DE,DE,LC,workshop
91911934,1231723933,3,2022-03-30,2022-04-04,,ES,ES,showroom,zipcode
91851114,1231723933,4,2022-03-20,,2022-03-21,ES,ES,workshop,showroom
91851115,1231723933,4,,,2022-03-21,ES,ES,showroom,zipcode
91910558,1231723933,3,2022-03-24,2022-03-30,,ES,ES,workshop,showroom
91474432,1231723933,3,2022-02-03,2022-02-14,,ES,ES,Branch,workshop
91640447,1251274966,3,2022-02-23,2022-03-01,,DE,DE,Branch,workshop
91916601,1252284468,3,2022-03-27,2022-03-31,,DE,DE,Branch,workshop
91883094,1251712135,3,2022-03-23,2022-03-30,,ES,ES,workshop,showroom
91601907,1251712135,3,2022-02-20,2022-02-27,,ES,ES,Branch,workshop
91260312,1249066581,3,2022-01-18,2022-02-01,,DE,DE,workshop,workshop
91255411,1249066581,3,2022-01-11,2022-01-17,,DE,DE,Branch,workshop
91908055,1249066581,4,,,2022-03-24,DE,DE,workshop,Branch
91908056,1249066581,3,2022-03-31,2022-04-04,,DE,DE,Branch,zipcode
91912510,1249066581,3,2022-03-24,2022-03-31,,DE,DE,workshop,Branch
91758693,1252240089,3,2022-03-07,2022-03-10,,DE,DE,LC,workshop
91705193,1252240089,3,2022-03-02,2022-03-07,,DE,DE,Branch,LC
91705194,1252240089,4,,,2022-03-07,DE,DE,LC,workshop
91883544,1252240089,4,,,2022-03-27,DE,DE,workshop,showroom
91883545,1252240089,3,2022-03-31,2022-04-05,,DE,DE,showroom,zipcode
91928972,1252240089,3,2022-03-27,2022-03-31,,DE,DE,workshop,showroom
91920463,1253403179,3,2022-03-27,2022-04-01,,DE,DE,Branch,workshop
91614217,1251146934,3,2022-02-20,2022-02-21,,DE,DE,Branch,LC
91614218,1251146934,3,2022-02-22,2022-02-24,,DE,DE,LC,workshop
91813946,1251790000,3,2022-03-14,2022-03-16,,DE,DE,LC,workshop
91785195,1251790000,4,2022-03-14,,2022-03-14,DE,DE,LC,workshop
91629406,1251790000,3,2022-03-05,2022-03-06,,DE,DE,Branch,LC
91629407,1251790000,4,2022-03-07,,2022-03-10,DE,DE,LC,workshop
91964716,1251790000,4,2022-03-31,,2022-03-31,DE,DE,workshop,workshop
91964717,1251790000,4,,,2022-04-04,DE,DE,workshop,zipcode
91972881,1251790000,3,2022-03-31,2022-04-03,,DE,DE,workshop,workshop
92008487,1251790000,3,2022-04-05,2022-04-14,,DE,DE,workshop,zipcode
92008484,1251790000,4,,,2022-04-04,DE,DE,workshop,zipcode
91925648,1252843462,3,2022-03-29,2022-03-30,,DE,DE,Branch,LC
91925649,1252843462,3,2022-03-31,2022-04-03,,DE,DE,LC,workshop
91910377,1253375687,3,2022-03-27,2022-04-03,,DE,DE,Branch,workshop
91896068,1249735587,4,,,2022-03-31,DE,DE,workshop,LC
91896069,1249735587,3,2022-04-04,2022-04-11,,DE,DE,LC,zipcode
91973033,1249735587,3,2022-03-31,2022-04-03,,DE,DE,workshop,LC
91316184,1249735587,3,2022-01-18,2022-01-20,,DE,DE,Branch,LC
91316185,1249735587,3,2022-01-23,2022-01-24,,DE,DE,LC,workshop
91944534,1253545462,3,2022-03-28,2022-04-04,,DE,DE,Branch,workshop
91715723,1240935455,3,2022-03-02,2022-03-10,,ES,ES,Branch,workshop
92029754,1250750221,3,2022-04-07,2022-04-07,,PL,PL,workshop,workshop
91973405,1250750221,3,2022-03-31,2022-03-31,,PL,PL,workshop,workshop
91971870,1253770815,3,2022-03-31,2022-04-11,,ES,ES,Branch,workshop
91993076,1253001378,4,2022-04-03,,2022-04-05,DE,DE,Branch,workshop
92011148,1253001378,3,2022-04-05,2022-04-11,,DE,DE,Branch,workshop
91556247,1249792949,3,2022-02-13,2022-02-17,,DE,DE,Branch,workshop
91846875,1249792949,4,,,2022-03-24,DE,DE,workshop,Branch
91908273,1249792949,3,2022-03-24,2022-04-11,,DE,DE,workshop,Branch
91846876,1249792949,3,2022-04-11,2022-04-15,,DE,DE,Branch,zipcode
91490382,1249792949,4,2022-02-06,,2022-02-13,DE,DE,Branch,workshop
91989154,1253822486,3,2022-04-03,2022-04-11,,DE,DE,Branch,workshop
92165160,1253822486,1,,,,DE,DE,workshop,zipcode
92165159,1253822486,2,2022-04-25,,,DE,DE,workshop,workshop
92002414,1250135334,3,2022-04-05,2022-04-12,,DE,DE,workshop,LC
91495671,1250135334,3,2022-02-06,2022-02-10,,DE,DE,Branch,LC
91495672,1250135334,4,,,2022-02-10,DE,DE,LC,workshop
91534630,1250135334,3,2022-02-10,2022-02-15,,DE,DE,LC,workshop
92012286,1254016316,3,2022-04-05,2022-04-12,,ES,ES,Branch,workshop
91990388,1253511108,3,2022-04-04,2022-04-13,,DE,DE,Branch,workshop
91993073,1249294815,3,2022-04-03,2022-04-13,,DE,DE,Branch,workshop
92067613,1253972995,4,2022-04-13,,2022-04-27,DE,DE,Branch,workshop
92186739,1253972995,2,2022-04-27,,,DE,DE,Branch,workshop
91667786,1251889105,3,2022-02-27,2022-03-06,,ES,ES,Branch,workshop
92040930,1251889105,3,2022-04-11,2022-04-13,,ES,ES,workshop,showroom
91990969,1251712458,3,2022-04-03,2022-04-03,,PL,PL,workshop,LC
91681119,1251712458,3,2022-02-27,2022-03-01,,DE,DE,Branch,LC
91681120,1251712458,3,2022-03-01,2022-03-15,,DE,PL,LC,workshop
92073395,1251712458,4,,,2022-04-21,DE,PL,LC,LC
92073394,1251712458,4,2022-04-20,,2022-04-21,PL,DE,LC,LC
92159305,1251712458,2,2022-04-25,,,PL,PL,LC,LC
91909835,1252912696,3,2022-03-27,2022-04-14,,DE,DE,Branch,workshop
92075535,1251828231,3,2022-04-14,2022-04-13,,PL,PL,workshop,workshop
91715240,1251828231,3,2022-03-03,2022-03-06,,DE,DE,Branch,LC
91863206,1251828231,3,2022-03-20,2022-03-20,,PL,PL,workshop,workshop
91729265,1251828231,3,2022-03-06,2022-03-15,,DE,PL,LC,workshop
92013527,1251828231,3,2022-04-05,2022-04-05,,PL,PL,workshop,workshop
92075666,1253285225,2,2022-04-14,,,DE,DE,Branch,workshop
91998925,1253780954,3,2022-04-04,2022-04-14,,ES,ES,Branch,workshop
91950253,1247878930,4,,,2022-04-11,DE,DE,workshop,Branch
92045746,1247878930,3,2022-04-11,2022-04-14,,DE,DE,workshop,Branch
91950254,1247878930,3,2022-04-14,2022-04-20,,DE,DE,Branch,zipcode
91204249,1247878930,3,2022-01-04,2022-01-12,,DE,DE,Branch,workshop
92024103,1253557575,3,2022-04-06,2022-04-14,,ES,ES,Branch,workshop
91979627,1253586049,4,2022-04-03,,2022-04-13,DE,DE,Branch,workshop
92070813,1253586049,3,2022-04-13,2022-04-14,,DE,DE,Branch,workshop
92009562,1253632333,3,2022-04-05,2022-04-17,,DE,DE,Branch,workshop
91827742,1251848950,3,2022-03-15,2022-03-16,,BE,BE,Branch,LC
92013882,1251848950,3,2022-04-05,2022-04-05,,PL,PL,workshop,workshop
91973390,1251848950,3,2022-03-31,2022-03-31,,PL,PL,workshop,workshop
92094320,1251848950,3,2022-04-17,2022-04-14,,PL,PL,workshop,workshop
91834765,1251848950,3,2022-03-16,2022-03-29,,BE,PL,LC,workshop
91988468,1248547225,3,2022-04-04,2022-04-15,,DE,DE,workshop,LC
91988469,1248547225,3,2022-04-17,2022-04-21,,DE,DE,LC,zipcode
91296672,1248547225,3,2022-01-16,2022-01-20,,DE,DE,Branch,workshop
91299750,1248547225,3,2022-01-20,2022-01-20,,DE,DE,workshop,workshop
92140042,1251180391,3,2022-04-25,2022-04-26,,PL,PL,workshop,zipcode
92003667,1251180391,3,2022-04-04,2022-04-04,,PL,PL,workshop,workshop
92096366,1251180391,3,2022-04-17,2022-04-17,,PL,PL,workshop,workshop
91924945,1251180391,3,2022-03-27,2022-03-27,,PL,PL,workshop,workshop
91617523,1251180391,3,2022-02-20,2022-03-01,,FR,FR,Branch,LC
91617524,1251180391,3,2022-03-07,2022-03-21,,FR,PL,LC,workshop
91981939,1253695216,3,2022-04-02,2022-04-06,,DE,DE,Branch,LC
91981940,1253695216,4,,,2022-04-11,DE,DE,LC,workshop
92050075,1253695216,3,2022-04-11,2022-04-17,,DE,DE,LC,workshop
92000805,1250263451,4,,,2022-04-05,DE,DE,workshop,Branch
92000806,1250263451,4,,,2022-04-06,DE,DE,Branch,zipcode
92017510,1250263451,3,2022-04-05,2022-04-17,,DE,DE,workshop,Branch
92023246,1250263451,3,2022-04-17,2022-04-19,,DE,DE,Branch,zipcode
91406164,1250263451,3,2022-02-03,2022-02-10,,DE,DE,workshop,workshop
91403820,1250263451,3,2022-01-27,2022-02-03,,DE,DE,Branch,workshop
92006296,1253994383,3,2022-04-04,2022-04-17,,ES,ES,Branch,workshop
92062313,1232512213,3,2022-04-12,2022-04-17,,ES,ES,Branch,workshop
91794195,1251751586,3,2022-03-13,2022-03-16,,DE,DE,Branch,workshop
92056479,1251751586,3,2022-04-12,2022-04-17,,DE,DE,workshop,workshop
92056480,1251751586,3,2022-04-17,2022-04-20,,DE,DE,workshop,zipcode
92057961,1254094877,3,2022-04-12,2022-04-17,,ES,ES,Branch,workshop
91940020,1253483786,3,2022-03-28,2022-04-04,,DE,DE,Branch,LC
91940021,1253483786,4,,,2022-04-05,DE,DE,LC,workshop
92012391,1253483786,3,2022-04-05,2022-04-18,,DE,DE,LC,workshop
92048608,1254111078,3,2022-04-11,2022-04-13,,DE,DE,Branch,LC
92048609,1254111078,3,2022-04-14,2022-04-18,,DE,DE,LC,workshop
92044984,1249024005,3,2022-04-12,2022-04-18,,DE,NL,LC,LC
92044985,1249024005,2,2022-04-18,,,NL,NL,LC,zipcode
91789682,1249024005,3,2022-03-13,2022-03-13,,DE,DE,Branch,LC
91789683,1249024005,3,2022-03-13,2022-03-13,,DE,DE,LC,workshop
92035695,1254070054,3,2022-04-10,2022-04-18,,ES,ES,Branch,workshop
92103706,1254356158,1,,,,DE,DE,LC,workshop
92103705,1254356158,3,2022-04-18,2022-04-19,,DE,DE,Branch,LC
92088191,1253675292,3,2022-04-17,2022-04-20,,DE,DE,Branch,workshop
92059519,1254002946,4,2022-04-12,,2022-04-18,DE,DE,Branch,workshop
92108426,1254002946,3,2022-04-18,2022-04-20,,DE,DE,Branch,workshop
92025427,1254002946,4,2022-04-10,,2022-04-11,DE,DE,Branch,workshop
92047312,1254002946,4,,,2022-04-12,DE,DE,Branch,workshop
92035941,1254091914,3,2022-04-10,2022-04-20,,ES,ES,Branch,workshop
92067160,1237164655,3,2022-04-13,2022-04-20,,DE,DE,Branch,workshop
92057572,1249490441,4,2022-04-13,,2022-04-19,DE,DE,workshop,Branch
92117394,1249490441,3,2022-04-19,2022-04-20,,DE,DE,workshop,Branch
92057573,1249490441,3,2022-04-21,2022-04-26,,DE,DE,Branch,zipcode
91345619,1249490441,3,2022-01-23,2022-02-06,,DE,DE,Branch,LC
91345620,1249490441,3,2022-02-07,2022-02-10,,DE,DE,LC,workshop
91593152,1235211689,3,2022-02-17,2022-02-22,,DE,DE,Branch,workshop
92062547,1235211689,4,,,2022-04-19,DE,DE,workshop,Branch
92116357,1235211689,3,2022-04-19,2022-04-21,,DE,DE,workshop,Branch
92062548,1235211689,3,2022-04-21,2022-04-25,,DE,DE,Branch,zipcode
92138816,1252816749,3,2022-04-21,2022-04-21,,PL,PL,workshop,workshop
91848081,1252816749,3,2022-03-20,2022-03-21,,DE,DE,Branch,LC
92047179,1252816749,3,2022-04-11,2022-04-11,,PL,PL,workshop,workshop
91861335,1252816749,3,2022-03-22,2022-04-07,,DE,PL,LC,workshop
92047417,1252126821,3,2022-04-11,2022-04-21,,BE,PL,LC,workshop
91682064,1252126821,3,2022-02-27,2022-03-01,,BE,BE,Branch,LC
92140153,1251262987,2,2022-04-21,,,DE,DE,Branch,workshop
92110295,1254264296,3,2022-04-18,2022-04-21,,ES,ES,Branch,workshop
91439731,1250504349,3,2022-01-31,2022-02-06,,ES,ES,Branch,workshop
92126963,1250504349,3,2022-04-20,2022-04-24,,ES,ES,showroom,workshop
91994749,1250504349,4,,,2022-04-07,ES,ES,showroom,zipcode
91994748,1250504349,3,2022-04-04,2022-04-11,,ES,ES,workshop,showroom
91997604,1250495510,4,2022-04-03,,2022-04-20,ES,ES,showroom,zipcode
91424496,1250495510,3,2022-01-30,2022-02-06,,ES,ES,Branch,workshop
91822056,1250495510,3,2022-03-15,2022-03-24,,ES,ES,workshop,showroom
92127056,1250495510,3,2022-04-20,2022-04-24,,ES,ES,showroom,workshop
92086635,1253757487,3,2022-04-17,2022-04-24,,ES,ES,Branch,LC
92086636,1253757487,2,2022-04-24,,,ES,ES,LC,workshop
92083387,1253962440,3,2022-04-14,2022-04-24,,ES,ES,Branch,workshop
92157665,1251786257,3,2022-04-24,2022-03-30,,ES,ES,showroom,zipcode
91928976,1251786257,4,2022-04-14,,2022-04-24,ES,ES,showroom,Branch
91706302,1251786257,3,2022-03-01,2022-03-06,,ES,ES,Branch,workshop
91836579,1251786257,3,2022-03-17,2022-03-23,,ES,ES,workshop,showroom
91836580,1251786257,4,,,2022-03-22,ES,ES,showroom,zipcode
92058972,1252155371,3,2022-04-14,2022-04-24,,DE,DE,workshop,showroom
92058973,1252155371,2,2022-04-24,,,DE,DE,showroom,zipcode
91846848,1252155371,3,2022-03-17,2022-03-22,,DE,DE,Branch,LC
91846849,1252155371,3,2022-03-23,2022-03-28,,DE,DE,LC,workshop
92000217,1249453048,3,2022-04-04,2022-04-03,,PL,PL,workshop,workshop
92148201,1249453048,4,,,2022-04-24,PL,PL,workshop,zipcode
91873819,1249453048,3,2022-03-21,2022-03-21,,PL,PL,workshop,workshop
91952386,1249453048,3,2022-03-29,2022-03-29,,PL,PL,workshop,workshop
91786635,1249453048,3,2022-03-10,2022-03-16,,DE,PL,LC,workshop
92158196,1249453048,3,2022-04-24,2022-04-24,,PL,PL,workshop,workshop
91638381,1249453048,4,,,2022-03-10,DE,PL,LC,workshop
91636178,1249453048,3,2022-02-22,2022-03-10,,DE,DE,Branch,LC
92158206,1252221408,3,2022-04-24,2022-04-24,,PL,PL,workshop,workshop
91804421,1252221408,3,2022-03-13,2022-03-16,,BE,BE,Branch,LC
92009269,1252221408,3,2022-04-05,2022-04-21,,BE,PL,LC,workshop
92088665,1250927694,3,2022-04-17,2022-04-24,,DE,DE,Branch,LC
92088666,1250927694,2,2022-04-24,,,DE,DE,LC,workshop
91938718,1242788935,3,2022-03-28,2022-03-28,,PL,PL,workshop,workshop
91897762,1242788935,3,2022-03-23,2022-03-23,,PL,PL,workshop,workshop
91988836,1242788935,3,2022-04-03,2022-04-03,,PL,PL,workshop,workshop
91614578,1242788935,3,2022-02-20,2022-02-27,,FR,FR,Branch,LC
91614579,1242788935,3,2022-02-27,2022-03-14,,FR,PL,LC,workshop
92118943,1242788935,3,2022-04-19,2022-04-19,,PL,PL,workshop,workshop
92164909,1242788935,3,2022-04-25,2022-04-25,,PL,PL,workshop,workshop
92102072,1254707999,3,2022-04-17,2022-04-25,,ES,ES,Branch,workshop
92166432,1248077292,2,2022-04-25,,,DE,DE,Branch,workshop
92167247,1255001893,2,2022-04-25,,,DE,DE,Branch,workshop
91999411,1252697535,3,2022-04-03,2022-03-21,,FR,FR,Branch,LC
91999421,1252697535,3,2022-04-04,2022-04-25,,FR,PL,LC,workshop
91859526,1252697535,4,2022-03-20,,2022-04-03,FR,FR,Branch,LC
91859527,1252697535,4,,,2022-04-03,FR,PL,LC,workshop
91850385,1252697535,4,,,2022-03-18,FR,FR,Branch,LC
92146299,1254414970,3,2022-04-24,2022-04-25,,ES,ES,Branch,workshop
92140967,1250859651,3,2022-04-21,2022-04-24,,DE,DE,Branch,LC
92140968,1250859651,2,2022-04-25,,,DE,DE,LC,workshop
91766571,1252614321,3,2022-03-08,2022-03-21,,DE,DE,Branch,workshop
92034762,1252614321,3,2022-04-11,2022-04-25,,DE,DE,workshop,LC
92034763,1252614321,2,2022-04-25,,,DE,DE,LC,zipcode
92128770,1252159370,4,2022-04-20,,2022-04-21,ES,ES,workshop,showroom
92139249,1252159370,3,2022-04-21,2022-04-25,,ES,ES,workshop,showroom
92128771,1252159370,2,2022-04-25,,,ES,ES,showroom,zipcode
91821341,1252159370,3,2022-03-15,2022-03-15,,ES,ES,Branch,workshop
92170722,1254414166,2,2022-04-26,,,DE,DE,Branch,workshop
92119520,1254706829,3,2022-04-19,2022-04-26,,DE,DE,Branch,workshop
92059184,1253011646,2,2022-04-26,,,DE,DE,LC,workshop
92025439,1253011646,4,,,2022-04-12,DE,DE,LC,workshop
92025438,1253011646,3,2022-04-10,2022-04-25,,DE,DE,Branch,LC
92176026,1252712278,2,2022-04-26,,,DE,DE,Branch,workshop
92124727,1249073578,3,2022-04-20,2022-04-25,,ES,ES,workshop,showroom
92124728,1249073578,2,2022-04-26,,,ES,ES,showroom,zipcode
91196072,1249073578,3,2022-01-03,2022-01-04,,ES,ES,Branch,workshop
92037094,1254029272,4,2022-04-11,,2022-04-13,DE,DE,Branch,workshop
92067246,1254029272,3,2022-04-13,2022-04-26,,DE,DE,Branch,workshop
92178011,1254795446,2,2022-04-26,,,DE,DE,Branch,workshop
92120168,1251711857,3,2022-04-20,2022-04-26,,ES,ES,workshop,showroom
92120169,1251711857,2,2022-04-26,,,ES,ES,showroom,zipcode
91730560,1251711857,3,2022-03-06,2022-03-13,,ES,ES,Branch,workshop
92179861,1254772585,2,2022-04-26,,,NL,DE,LC,LC
92150226,1254772585,3,2022-04-24,2022-04-26,,NL,NL,Branch,LC
92179878,1254772585,1,,,,DE,PL,LC,workshop
92162574,1254772585,4,,,2022-04-26,NL,PL,LC,workshop
91566171,1249453027,3,2022-02-14,2022-02-16,,DE,DE,Branch,workshop
92146908,1249453027,4,,,2022-04-24,DE,DE,workshop,workshop
92157623,1249453027,3,2022-04-24,2022-04-26,,DE,DE,workshop,workshop
92146909,1249453027,2,2022-04-26,,,DE,DE,workshop,zipcode
92075430,1249443851,4,,,2022-04-14,DE,DE,workshop,workshop
92075431,1249443851,4,,,2022-04-14,DE,DE,workshop,zipcode
92073351,1249443851,4,,,2022-04-14,DE,DE,workshop,zipcode
92073350,1249443851,4,,,2022-04-14,DE,DE,workshop,workshop
91361865,1249443851,3,2022-01-23,2022-01-30,,DE,DE,Branch,LC
91361866,1249443851,4,,,2022-01-31,DE,DE,LC,workshop
92083811,1249443851,3,2022-04-20,2022-04-26,,DE,DE,workshop,workshop
92083812,1249443851,2,2022-04-26,,,DE,DE,workshop,zipcode
91436727,1249443851,3,2022-02-06,2022-02-10,,DE,DE,workshop,workshop
91436707,1249443851,3,2022-01-31,2022-02-03,,DE,DE,LC,workshop
91865505,1249156800,3,2022-04-20,2022-04-26,,DE,DE,workshop,workshop
91865506,1249156800,2,2022-04-26,,,DE,DE,workshop,zipcode
91229853,1249156800,3,2022-01-13,2022-01-16,,DE,DE,Branch,workshop
92181269,1254989733,1,,,,IT,PL,LC,workshop
92181268,1254989733,2,2022-04-26,,,IT,IT,Branch,LC
92176704,1254629453,3,2022-04-26,2022-04-26,,ES,ES,workshop,LC
92098274,1254629453,3,2022-04-17,2022-04-21,,ES,ES,Branch,workshop
91744847,1250799149,3,2022-03-06,2022-03-08,,DE,DE,LC,workshop
92013756,1250799149,3,2022-04-18,2022-04-26,,DE,DE,workshop,Branch
92013757,1250799149,2,2022-04-27,,,DE,DE,Branch,zipcode
91690585,1250799149,3,2022-02-28,2022-03-06,,DE,DE,Branch,workshop
92128987,1254538675,3,2022-04-20,2022-04-26,,DE,DE,Branch,workshop
92097263,1254686373,3,2022-04-17,2022-04-27,,ES,ES,Branch,workshop
92113877,1250674883,3,2022-04-19,2022-04-27,,ES,ES,Branch,workshop
92140496,1254498656,2,2022-04-21,,,BE,PL,LC,workshop
92118294,1254498656,3,2022-04-19,2022-04-21,,BE,BE,Branch,LC
92135088,1254828161,3,2022-04-21,2022-04-27,,ES,ES,Branch,workshop
92078740,1254463011,3,2022-04-14,2022-04-27,,ES,ES,Branch,workshop
91406149,1250044412,3,2022-02-06,2022-02-10,,DE,DE,workshop,workshop
92153318,1250044412,3,2022-04-24,2022-04-27,,DE,DE,workshop,showroom
92153319,1250044412,2,2022-04-27,,,DE,DE,showroom,zipcode
91403809,1250044412,3,2022-01-27,2022-02-06,,DE,DE,Branch,workshop
92188477,1252822986,3,2022-04-27,2022-04-27,,PL,PL,workshop,workshop
91957647,1252822986,3,2022-03-29,2022-04-03,,DE,DE,Branch,LC
91957648,1252822986,3,2022-04-03,2022-04-19,,DE,PL,LC,workshop
92136518,1252822986,3,2022-04-21,2022-04-21,,PL,PL,workshop,workshop
92078334,1253729763,4,2022-04-17,,2022-04-26,DE,DE,Branch,workshop
92177668,1253729763,3,2022-04-26,2022-04-27,,DE,DE,Branch,workshop
92105683,1254550284,3,2022-04-18,2022-04-24,,DE,DE,Branch,LC
92105684,1254550284,3,2022-04-25,2022-04-27,,DE,DE,LC,workshop
90146983,1203563357,4,,,2021-09-07,IT,DE,Branch,LC
90146691,1203563357,4,,,2021-09-07,DE,DE,Branch,LC
91014264,1203563357,4,,,2021-12-08,DE,DE,Branch,LC
91014265,1203563357,4,,,2021-12-08,DE,DE,LC,zipcode
89474662,1203563357,4,,,2021-06-23,DE,DE,Branch,workshop
89474663,1203563357,4,,,2021-06-23,DE,DE,workshop,showroom
89474664,1203563357,4,,,2021-06-23,DE,DE,showroom,zipcode
87549716,1203563357,4,,,2021-11-29,DE,DE,workshop,showroom
87549717,1203563357,4,,,2021-11-29,DE,DE,showroom,zipcode
87550066,1203563357,4,,,2021-11-29,DE,DE,workshop,showroom
87550067,1203563357,4,,,2021-11-29,DE,DE,showroom,zipcode
88881779,1203563357,4,,,2021-04-21,DE,DE,Branch,workshop
88881780,1203563357,4,,,2021-04-21,DE,DE,workshop,showroom
88881781,1203563357,4,,,2021-04-21,DE,DE,showroom,zipcode
87291878,1203563357,4,,,2021-11-02,DE,DE,Branch,LC
87291879,1203563357,4,,,2021-11-02,DE,DE,LC,zipcode
87290099,1203563357,4,,,2021-11-02,DE,DE,Branch,LC
87290100,1203563357,4,,,2021-11-02,DE,DE,LC,zipcode
86190066,1203563357,4,,,2021-06-29,DE,DE,Branch,LC
86190067,1203563357,4,,,2021-06-29,DE,DE,LC,zipcode
90147041,1203563357,4,,,2021-09-07,IT,IT,Branch,LC
90147042,1203563357,4,,,2021-09-07,IT,FR,LC,LC
90147043,1203563357,4,,,2021-09-07,FR,DE,LC,LC
90147044,1203563357,4,,,2021-09-07,DE,DE,LC,LC
87554036,1203563357,4,,,2021-11-29,DE,DE,workshop,showroom
87554037,1203563357,4,,,2021-11-29,DE,DE,showroom,zipcode
87290444,1203563357,4,,,2021-11-02,DE,DE,Branch,LC
87290445,1203563357,4,,,2021-11-02,DE,DE,LC,zipcode
88593808,1203563357,4,,,2021-03-21,DE,DE,Branch,workshop
88593809,1203563357,4,,,2021-03-21,DE,DE,workshop,showroom
88593810,1203563357,4,,,2021-03-21,DE,DE,showroom,zipcode
88593831,1203563357,4,2021-03-21,,2021-03-21,DE,DE,Branch,workshop
88593832,1203563357,4,,,2021-03-21,DE,DE,workshop,showroom
88593833,1203563357,4,,,2021-03-21,DE,DE,showroom,zipcode
88597297,1203563357,4,,,2021-03-21,DE,DE,showroom,zipcode
90432701,1203563357,4,,,2021-10-06,DE,DE,Branch,workshop
90432702,1203563357,4,,,2021-10-06,DE,DE,workshop,showroom
90432703,1203563357,4,,,2021-10-06,DE,DE,showroom,zipcode
88955683,1203563357,4,,,2021-04-28,DE,DE,Branch,workshop
88955684,1203563357,4,,,2021-04-28,DE,DE,workshop,showroom
88955685,1203563357,4,,,2021-04-28,DE,DE,showroom,zipcode
86298488,1203563357,4,,,2021-07-13,IT,IT,Branch,LC
86298489,1203563357,4,,,2021-07-13,IT,FR,LC,LC
86298490,1203563357,4,,,2021-07-13,FR,FR,LC,LC
86298491,1203563357,4,,,2021-07-13,FR,DE,LC,LC
86298492,1203563357,4,,,2021-07-13,DE,DE,LC,workshop
89243284,1203563357,3,2021-05-30,2021-05-30,,DE,DE,Branch,workshop
89243285,1203563357,3,2021-05-30,2021-05-30,,DE,DE,workshop,showroom
89243286,1203563357,4,,,2021-05-30,DE,DE,showroom,zipcode
89243790,1203563357,4,,,2021-05-30,DE,DE,showroom,zipcode
87559814,1203563357,4,,,2021-11-29,IT,IT,Branch,LC
87559815,1203563357,4,,,2021-11-29,IT,FR,LC,LC
87559816,1203563357,4,,,2021-11-29,FR,FR,LC,LC
87559817,1203563357,4,,,2021-11-29,FR,DE,LC,LC
87559818,1203563357,4,,,2021-11-29,DE,DE,LC,workshop
86023614,1203563357,4,,,2021-06-08,DE,DE,Branch,workshop
86023615,1203563357,4,,,2021-06-08,DE,DE,workshop,showroom
86023616,1203563357,4,,,2021-06-08,DE,DE,showroom,zipcode
87559524,1203563357,4,,,2021-11-29,DE,DE,workshop,showroom
87559525,1203563357,4,,,2021-11-29,DE,DE,showroom,zipcode
86103688,1203563357,4,2021-06-18,,2021-06-18,DE,DE,workshop,Branch
86153363,1203563357,4,2021-06-24,,2021-06-24,DE,DE,showroom,zipcode
91771873,1233164725,3,2022-03-17,2022-03-17,,ES,ES,workshop,zipcode
91394744,1233164725,3,2022-01-26,2022-02-01,,ES,ES,Branch,workshop
91715577,1234233531,3,2022-03-07,2022-03-09,,DE,DE,workshop,workshop
91715578,1234233531,3,2022-03-09,2022-03-15,,DE,DE,workshop,zipcode
91312410,1234233531,3,2022-01-17,2022-01-23,,DE,DE,Branch,LC
91312411,1234233531,3,2022-01-24,2022-02-03,,DE,DE,LC,workshop
91318981,1234233531,3,2022-02-03,2022-02-10,,DE,DE,workshop,workshop
91681102,1235595931,3,2022-02-27,2022-03-03,,DE,DE,Branch,LC
91681103,1235595931,3,2022-03-06,2022-03-07,,DE,DE,LC,workshop
91726713,1237582535,3,2022-03-06,2022-03-09,,ES,ES,workshop,showroom
91726714,1237582535,3,2022-03-09,2022-03-14,,ES,ES,showroom,zipcode
91470170,1237582535,3,2022-02-03,2022-02-08,,ES,ES,Branch,workshop
91330403,1238479633,3,2022-01-19,2022-01-23,,ES,ES,Branch,workshop
91686728,1238479633,3,2022-03-01,2022-03-06,,ES,ES,workshop,showroom
91582856,1238603559,3,2022-02-16,2022-02-27,,ES,ES,Branch,workshop
91762645,1241766911,3,2022-03-08,2022-03-10,,ES,ES,workshop,LC
91268845,1241766911,3,2022-01-12,2022-01-19,,ES,ES,Branch,workshop
91546853,1242313670,3,2022-02-14,2022-02-17,,DE,DE,workshop,showroom
91546854,1242313670,3,2022-02-17,2022-02-21,,DE,DE,showroom,zipcode
91318931,1242313670,3,2022-01-23,2022-01-27,,DE,DE,workshop,workshop
91307608,1242313670,4,2022-01-17,,2022-01-18,DE,DE,Branch,workshop
91322186,1242313670,3,2022-01-19,2022-01-23,,DE,DE,Branch,workshop
91616982,1243107543,3,2022-02-20,2022-02-20,,PL,PL,workshop,workshop
91378782,1243107543,3,2022-01-25,2022-02-03,,BE,PL,LC,workshop
91836606,1243107543,3,2022-03-16,2022-03-16,,PL,PL,workshop,workshop
91508785,1243107543,3,2022-02-08,2022-02-08,,PL,PL,workshop,workshop
91248158,1243107543,3,2022-01-10,2022-01-11,,BE,BE,Branch,LC
91846857,1245352776,4,,,2022-03-20,DE,DE,workshop,workshop
91846858,1245352776,3,2022-03-22,2022-03-28,,DE,DE,workshop,zipcode
91866079,1245352776,3,2022-03-20,2022-03-22,,DE,DE,workshop,workshop
91212245,1245352776,3,2022-01-05,2022-01-12,,DE,DE,Branch,workshop
91514344,1245427009,3,2022-02-09,2022-02-22,,DE,DE,Branch,workshop
91690430,1245427009,4,,,2022-03-20,DE,DE,workshop,Branch
91690431,1245427009,3,2022-03-21,2022-03-24,,DE,DE,Branch,zipcode
91863772,1245427009,3,2022-03-20,2022-03-21,,DE,DE,workshop,Branch
91633810,1245562648,3,2022-02-22,2022-02-24,,ES,ES,Branch,workshop
91446343,1247346516,3,2022-02-02,2022-02-02,,DE,DE,workshop,workshop
91576776,1247346516,4,,,2022-02-27,DE,DE,workshop,Branch
91576777,1247346516,3,2022-03-01,2022-03-07,,DE,DE,Branch,zipcode
91676312,1247346516,3,2022-02-27,2022-03-01,,DE,DE,workshop,Branch
91443374,1247346516,3,2022-02-01,2022-02-02,,DE,DE,Branch,workshop
91280986,1247802740,3,2022-01-16,2022-01-18,,DE,DE,Branch,workshop
91281802,1247802740,3,2022-01-18,2022-01-18,,DE,DE,workshop,workshop
91472853,1247802740,4,2022-02-03,,2022-02-08,DE,DE,workshop,LC
91472854,1247802740,4,,,2022-02-07,DE,DE,LC,zipcode
91551931,1247802740,3,2022-02-17,2022-02-22,,DE,DE,workshop,LC
91551932,1247802740,3,2022-02-23,2022-03-06,,DE,DE,LC,zipcode
91424929,1247962369,3,2022-01-30,2022-02-03,,DE,DE,Branch,workshop
91426547,1247962369,3,2022-02-06,2022-02-10,,DE,DE,workshop,workshop
91743183,1247962369,3,2022-03-08,2022-03-10,,DE,DE,workshop,LC
91743184,1247962369,3,2022-03-10,2022-03-14,,DE,DE,LC,zipcode
91344735,1247976334,3,2022-01-20,2022-01-24,,ES,ES,workshop,LC
91663463,1247976334,4,,,2022-02-28,ES,ES,LC,zipcode
91236600,1247976334,3,2022-01-09,2022-01-16,,ES,ES,Branch,workshop
91750878,1248072039,3,2022-03-07,2022-03-15,,ES,ES,workshop,Branch
91647621,1217389932,3,2022-02-23,2022-02-28,,ES,ES,Branch,workshop
91669517,1222479410,3,2022-02-27,2022-03-03,,ES,ES,Branch,workshop
92064041,1233204861,1,,,,ES,ES,workshop,showroom
92064042,1233204861,1,,,,ES,ES,showroom,zipcode
91477648,1233204861,3,2022-02-06,2022-02-10,,ES,ES,Branch,workshop
91716651,1239413663,3,2022-03-02,2022-03-13,,ES,ES,Branch,workshop
91522485,1241915005,3,2022-02-09,2022-02-09,,PL,PL,workshop,LC
91279058,1241915005,3,2022-01-13,2022-01-13,,PL,PL,LC,workshop
91259504,1241915005,3,2022-01-11,2022-01-11,,PL,PL,workshop,LC
89853555,1241915005,3,2021-08-03,2021-08-08,,BE,BE,Branch,LC
91165799,1241915005,3,2021-12-29,2021-12-29,,PL,PL,workshop,workshop
91157725,1241915005,3,2021-12-28,2021-12-28,,PL,PL,workshop,workshop
91165019,1241915005,4,,,2021-12-29,PL,PL,workshop,zipcode
90060056,1241915005,3,2021-08-29,2021-08-26,,PL,PL,workshop,workshop
91188340,1241915005,3,2022-01-02,2022-01-02,,PL,PL,workshop,workshop
91041808,1241915005,3,2021-12-12,2021-12-12,,PL,PL,workshop,workshop
89859091,1241915005,3,2021-08-08,2021-08-16,,BE,PL,LC,workshop
91281789,1241915005,4,2022-01-13,,2022-02-01,PL,PL,workshop,showroom
91281790,1241915005,4,,,2022-01-19,PL,PL,showroom,zipcode
91643098,1241915005,4,,,2022-02-23,PL,DE,LC,LC
91643099,1241915005,4,,,2022-02-23,DE,SI,LC,zipcode
91031625,1241915005,4,,,2021-12-12,PL,PL,workshop,zipcode
91740536,1242018485,3,2022-03-06,2022-03-13,,ES,ES,Branch,workshop
91422344,1242417062,3,2022-01-30,2022-01-31,,ES,ES,workshop,LC
91310529,1242417062,3,2022-01-17,2022-01-26,,ES,ES,Branch,workshop
91338719,1244401669,3,2022-01-20,2022-01-24,,DE,DE,workshop,LC
91205456,1244401669,3,2022-01-04,2022-01-12,,DE,DE,Branch,workshop
91750324,1244909442,4,2022-03-07,,2022-03-09,DE,DE,Branch,workshop
91773580,1244909442,3,2022-03-09,2022-03-13,,DE,DE,Branch,workshop
91566534,1246971241,3,2022-02-15,2022-02-21,,DE,DE,workshop,zipcode
91229329,1246971241,3,2022-01-09,2022-01-12,,DE,DE,Branch,workshop
91554688,1246971241,4,,,2022-02-14,DE,DE,workshop,zipcode
91510061,1247035585,3,2022-02-08,2022-02-09,,DE,DE,workshop,workshop
91342919,1247035585,3,2022-01-20,2022-01-23,,DE,DE,workshop,workshop
91245896,1247035585,3,2022-01-10,2022-01-13,,DE,DE,Branch,workshop
91594946,1247035585,3,2022-02-21,2022-02-28,,DE,DE,workshop,LC
91594947,1247035585,3,2022-03-01,2022-03-03,,DE,DE,LC,zipcode
91259762,1248099985,3,2022-01-11,2022-01-17,,DE,DE,Branch,LC
91259763,1248099985,3,2022-01-23,2022-01-27,,DE,DE,LC,workshop
91257760,1248191319,3,2022-01-11,2022-01-26,,ES,ES,Branch,workshop
91658653,1248340010,3,2022-02-24,2022-03-02,,DE,DE,workshop,LC
91542145,1248340010,3,2022-02-13,2022-02-16,,DE,DE,Branch,LC
91542146,1248340010,3,2022-02-17,2022-02-17,,DE,DE,LC,workshop
91208804,1248409635,3,2022-01-04,2022-01-09,,DE,DE,Branch,workshop
91560227,1248409635,3,2022-02-14,2022-02-22,,DE,DE,workshop,zipcode
91830847,1248528394,3,2022-03-17,2022-03-21,,PL,PL,workshop,zipcode
91186086,1248528394,3,2022-01-02,2022-01-05,,BE,BE,Branch,LC
91420595,1248528394,3,2022-01-30,2022-01-30,,PL,PL,workshop,workshop
91200899,1248528394,3,2022-01-05,2022-01-16,,BE,PL,LC,workshop
91268736,1248566041,3,2022-01-12,2022-01-19,,DE,DE,Branch,workshop
91406729,1248566041,3,2022-02-01,2022-02-03,,DE,DE,workshop,workshop
91406730,1248566041,3,2022-02-03,2022-02-10,,DE,DE,workshop,zipcode
91539943,1248620349,4,,,2022-02-14,DE,DE,workshop,workshop
91539944,1248620349,3,2022-02-17,2022-02-22,,DE,DE,workshop,zipcode
91562822,1248620349,3,2022-02-14,2022-02-16,,DE,DE,workshop,workshop
91204608,1248620349,3,2022-01-09,2022-01-11,,DE,DE,Branch,workshop
91192856,1248716926,3,2022-01-03,2022-01-10,,DE,DE,Branch,workshop
91561474,1248716926,4,,,2022-02-16,DE,DE,workshop,workshop
91561475,1248716926,3,2022-02-21,2022-03-01,,DE,DE,workshop,zipcode
91587056,1248716926,3,2022-02-16,2022-02-21,,DE,DE,workshop,workshop
91486019,1248716926,4,2022-02-06,,2022-02-08,DE,DE,workshop,showroom
91486020,1248716926,4,,,2022-02-08,DE,DE,showroom,zipcode
91363305,1248758494,3,2022-01-23,2022-02-01,,ES,ES,Branch,workshop
91487973,1248797016,3,2022-02-06,2022-02-10,,DE,DE,Branch,workshop
92145077,1248797016,1,,,,DE,DE,workshop,zipcode
92145076,1248797016,2,2022-04-24,,,DE,DE,workshop,workshop
91301123,1248838464,3,2022-01-16,2022-01-26,,ES,ES,Branch,workshop
91207524,1248890615,3,2022-01-04,2022-01-13,,ES,ES,Branch,workshop
91509683,1248951534,4,2022-02-09,,2022-02-09,DE,DE,Branch,workshop
91524596,1248951534,3,2022-02-13,2022-02-15,,DE,DE,Branch,workshop
91585564,1249001322,4,,,2022-02-23,DE,DE,workshop,showroom
91585565,1249001322,3,2022-02-27,2022-03-03,,DE,DE,showroom,zipcode
91647448,1249001322,3,2022-02-23,2022-02-27,,DE,DE,workshop,showroom
91287617,1249001322,3,2022-01-16,2022-01-18,,DE,DE,Branch,workshop
91374195,1249075221,3,2022-01-24,2022-01-25,,DE,DE,Branch,LC
91374539,1249075221,4,2022-01-30,,2022-01-30,DE,DE,LC,workshop
91543559,1249075221,4,,,2022-02-16,DE,DE,workshop,Branch
91543560,1249075221,3,2022-02-22,2022-03-01,,DE,DE,Branch,zipcode
91586697,1249075221,3,2022-02-16,2022-02-22,,DE,DE,workshop,Branch
91423443,1249075221,3,2022-01-30,2022-02-02,,DE,DE,LC,workshop
91423459,1249075221,3,2022-02-02,2022-02-06,,DE,DE,workshop,workshop
91478014,1249090510,3,2022-02-06,2022-02-13,,ES,ES,Branch,workshop
91209039,1249098081,3,2022-01-05,2022-01-11,,ES,ES,Branch,workshop
91723528,1249107040,3,2022-03-03,2022-03-06,,DE,DE,workshop,LC
91391746,1249107040,3,2022-01-26,2022-01-31,,DE,DE,Branch,LC
91391747,1249107040,4,,,2022-01-31,DE,DE,LC,workshop
91442768,1249107040,3,2022-02-07,2022-02-10,,DE,DE,workshop,workshop
91395554,1249107040,4,,,2022-01-31,DE,DE,workshop,workshop
91442749,1249107040,3,2022-02-01,2022-02-06,,DE,DE,LC,workshop
91220956,1249125335,3,2022-01-06,2022-01-10,,DE,DE,Branch,LC
91220957,1249125335,4,,,2022-01-10,DE,DE,LC,workshop
91252457,1249125335,3,2022-01-11,2022-01-11,,DE,DE,LC,workshop
91235742,1249190044,3,2022-01-09,2022-01-19,,ES,ES,Branch,workshop
91256983,1249231152,3,2022-01-12,2022-01-13,,DE,DE,workshop,workshop
91207009,1249231152,3,2022-01-04,2022-01-12,,DE,DE,Branch,workshop
91394378,1249231152,3,2022-01-30,2022-02-09,,DE,DE,workshop,showroom
91394379,1249231152,3,2022-02-09,2022-02-13,,DE,DE,showroom,zipcode
91654960,1249389561,3,2022-02-27,2022-03-13,,DE,DE,workshop,zipcode
91376073,1249389561,3,2022-01-24,2022-01-30,,DE,DE,Branch,workshop
91250116,1249407303,3,2022-01-10,2022-01-12,,DE,DE,Branch,LC
91498979,1249407303,3,2022-02-07,2022-02-07,,PL,PL,workshop,workshop
91259130,1249407303,3,2022-01-13,2022-01-24,,DE,PL,LC,workshop
91382390,1249407303,3,2022-01-25,2022-01-25,,PL,PL,workshop,workshop
91561394,1249407303,3,2022-02-14,2022-02-13,,PL,PL,workshop,workshop
91426261,1249407303,3,2022-01-30,2022-01-30,,PL,PL,workshop,workshop
91534172,1249407303,3,2022-02-10,2022-02-10,,PL,PL,workshop,workshop
91774779,1249429923,3,2022-03-09,2022-03-17,,DE,DE,Branch,workshop
91532798,1249478435,3,2022-02-10,2022-02-28,,ES,ES,Branch,workshop
91281475,1249562666,3,2022-01-16,2022-01-17,,DE,DE,Branch,LC
91281476,1249562666,3,2022-01-17,2022-01-17,,DE,DE,LC,workshop
92157845,1249562666,2,2022-04-24,,,DE,DE,workshop,workshop
91344409,1249585600,3,2022-01-20,2022-01-30,,ES,ES,Branch,workshop
91301617,1249668837,3,2022-01-16,2022-01-18,,ES,ES,Branch,workshop
91358182,1249670533,4,2022-01-23,,2022-01-27,ES,ES,Branch,workshop
91404548,1249670533,3,2022-01-27,2022-02-02,,ES,ES,Branch,workshop
91371274,1249671422,3,2022-01-27,2022-02-01,,DE,DE,workshop,workshop
91906811,1240935455,3,2022-03-27,2022-04-03,,ES,ES,workshop,showroom
91906812,1240935455,3,2022-04-04,2022-04-11,,ES,ES,showroom,zipcode
91946440,1250702744,3,2022-03-31,2022-04-04,,ES,ES,workshop,Branch
91506629,1250702744,3,2022-02-08,2022-02-10,,ES,ES,Branch,workshop
91894267,1248845932,3,2022-03-23,2022-04-05,,DE,DE,workshop,showroom
91894268,1248845932,3,2022-04-05,2022-04-13,,DE,DE,showroom,zipcode
91322187,1248845932,3,2022-01-18,2022-01-19,,DE,DE,Branch,LC
91322188,1248845932,3,2022-01-19,2022-01-23,,DE,DE,LC,workshop
91322205,1248845932,3,2022-01-23,2022-02-01,,DE,DE,workshop,workshop
91319752,1248845932,4,,,2022-01-18,DE,DE,Branch,workshop
91460505,1249114060,4,,,2022-02-10,DE,DE,workshop,LC
91460506,1249114060,4,,,2022-02-10,DE,DE,LC,zipcode
91271422,1249114060,3,2022-01-13,2022-01-13,,DE,DE,workshop,workshop
91823749,1249114060,3,2022-03-15,2022-04-05,,DE,DE,workshop,showroom
91823750,1249114060,3,2022-04-05,2022-04-11,,DE,DE,showroom,zipcode
91228896,1249114060,3,2022-01-09,2022-01-13,,DE,DE,Branch,workshop
91691198,1249114060,4,,,2022-03-02,DE,DE,workshop,LC
91771696,1250865337,4,,,2022-03-13,DE,DE,workshop,workshop
91771697,1250865337,4,,,2022-03-13,DE,DE,workshop,showroom
91771698,1250865337,4,,,2022-03-13,DE,DE,showroom,zipcode
91477652,1250865337,3,2022-02-06,2022-02-21,,DE,DE,Branch,workshop
91804212,1250865337,3,2022-03-15,2022-04-05,,DE,DE,workshop,showroom
91804213,1250865337,3,2022-04-05,2022-04-21,,DE,DE,showroom,zipcode
91348896,1249881731,3,2022-01-22,2022-01-23,,DE,DE,Branch,LC
91348897,1249881731,3,2022-01-24,2022-01-27,,DE,DE,LC,workshop
91740492,1249881731,4,,,2022-03-07,DE,DE,workshop,zipcode
91613577,1249881731,4,,,2022-02-23,DE,DE,LC,zipcode
91541386,1249881731,4,,,2022-02-11,DE,DE,workshop,LC
91395960,1249881731,3,2022-01-27,2022-02-01,,DE,DE,workshop,workshop
91842149,1249881731,3,2022-03-17,2022-04-05,,DE,DE,workshop,showroom
91842150,1249881731,3,2022-04-05,2022-04-21,,DE,DE,showroom,zipcode
91546757,1249881731,4,,,2022-02-13,DE,DE,workshop,workshop
91546758,1249881731,4,,,2022-02-13,DE,DE,workshop,zipcode
91613571,1249881731,4,2022-02-20,,2022-02-24,DE,DE,workshop,LC
91966776,1252863192,3,2022-03-30,2022-04-05,,DE,DE,Branch,workshop
91895736,1253173336,3,2022-03-27,2022-04-06,,DE,DE,LC,workshop
91887385,1253173336,3,2022-03-22,2022-03-24,,DE,DE,Branch,LC
91972798,1251395713,3,2022-03-31,2022-04-06,,DE,DE,LC,workshop
91914909,1251395713,3,2022-03-27,2022-03-29,,DE,DE,Branch,LC
91206231,1248614470,3,2022-01-04,2022-01-12,,DE,DE,Branch,workshop
91754661,1248614470,4,,,2022-03-10,DE,DE,workshop,workshop
91754662,1248614470,4,,,2022-03-10,DE,DE,workshop,zipcode
91950392,1248614470,4,,,2022-04-04,DE,DE,workshop,showroom
92005549,1248614470,3,2022-04-04,2022-04-06,,DE,DE,workshop,showroom
91950393,1248614470,3,2022-04-06,2022-04-14,,DE,DE,showroom,zipcode
91694234,1248322810,3,2022-02-28,2022-03-03,,FR,FR,Branch,LC
91694235,1248322810,3,2022-03-03,2022-03-15,,FR,PL,LC,workshop
92029747,1248322810,3,2022-04-07,2022-04-06,,PL,PL,workshop,workshop
91865738,1248322810,3,2022-03-20,2022-03-20,,PL,PL,workshop,workshop
91952354,1248322810,4,2022-03-29,,2022-03-29,PL,PL,workshop,workshop
91952621,1248322810,3,2022-03-29,2022-03-29,,PL,PL,workshop,workshop
91693393,1248322810,4,,,2022-02-28,FR,FR,Branch,LC
91916862,1252848717,3,2022-03-27,2022-04-03,,ES,ES,Branch,LC
91916863,1252848717,3,2022-04-03,2022-04-10,,ES,ES,LC,workshop
91949678,1252822017,3,2022-03-29,2022-03-29,,ES,ES,workshop,LC
91859554,1252822017,3,2022-03-20,2022-03-23,,ES,ES,Branch,workshop
91726015,1250019554,3,2022-03-06,2022-03-14,,BE,PL,LC,workshop
92089593,1250019554,3,2022-04-25,2022-04-27,,PL,PL,workshop,zipcode
92045939,1250019554,3,2022-04-11,2022-04-11,,PL,PL,workshop,workshop
91722583,1250019554,3,2022-03-03,2022-03-06,,BE,BE,Branch,LC
91924962,1250019554,3,2022-03-27,2022-03-27,,PL,PL,workshop,workshop
91845638,1250019554,3,2022-03-17,2022-03-17,,PL,PL,workshop,workshop
91970896,1253450012,3,2022-03-31,2022-04-11,,ES,ES,Branch,workshop
91991389,1253788877,3,2022-04-03,2022-04-11,,ES,ES,Branch,workshop
92010287,1250905132,3,2022-04-05,2022-04-12,,DE,DE,workshop,LC
92010288,1250905132,3,2022-04-12,2022-04-18,,DE,DE,LC,zipcode
91688953,1250905132,3,2022-02-28,2022-03-01,,DE,DE,LC,workshop
91568895,1250905132,4,2022-02-15,,2022-02-16,DE,DE,Branch,workshop
91587335,1250905132,3,2022-02-16,2022-02-22,,DE,DE,Branch,workshop
91953270,1248265332,4,,,2022-03-31,DE,DE,workshop,LC
91975419,1248265332,3,2022-03-31,2022-04-11,,DE,DE,workshop,LC
91953271,1248265332,3,2022-04-12,2022-04-18,,DE,DE,LC,zipcode
91382974,1248265332,3,2022-01-25,2022-01-27,,DE,DE,Branch,LC
91382975,1248265332,3,2022-01-30,2022-02-06,,DE,DE,LC,workshop
91395500,1248265332,3,2022-02-06,2022-02-10,,DE,DE,workshop,workshop
92049109,1253748392,3,2022-04-11,2022-04-11,,DE,DE,Branch,LC
92002555,1253748392,4,,,2022-04-11,DE,DE,Branch,workshop
92049115,1253748392,2,2022-04-12,,,DE,DE,LC,workshop
91967930,1252573482,3,2022-03-30,2022-04-12,,ES,ES,Branch,workshop
91930402,1251514861,3,2022-03-27,2022-04-13,,DE,DE,Branch,workshop
92153926,1251514861,1,,,,DE,DE,workshop,zipcode
92153925,1251514861,4,,,2022-04-27,DE,DE,workshop,workshop
92185925,1251514861,2,2022-04-27,,,DE,DE,workshop,workshop
91928220,1251514861,4,,,2022-03-27,DE,DE,Branch,workshop
91835952,1252769550,3,2022-03-16,2022-03-17,,DE,DE,Branch,LC
91835953,1252769550,3,2022-03-17,2022-03-24,,DE,PL,LC,workshop
91930349,1252769550,3,2022-03-27,2022-03-27,,PL,PL,workshop,workshop
92064854,1252769550,3,2022-04-13,2022-04-12,,PL,PL,workshop,workshop
92048550,1252769550,3,2022-04-11,2022-04-11,,PL,PL,workshop,workshop
91970228,1252769550,3,2022-03-31,2022-03-31,,PL,PL,workshop,workshop
92029710,1252769550,3,2022-04-07,2022-04-06,,PL,PL,workshop,workshop
91738097,1249852470,4,,,2022-03-13,DE,DE,workshop,showroom
91738098,1249852470,4,,,2022-03-13,DE,DE,showroom,zipcode
91308240,1249852470,3,2022-01-23,2022-01-27,,DE,DE,workshop,workshop
91299582,1249852470,3,2022-01-16,2022-01-23,,DE,DE,Branch,workshop
91876117,1249852470,3,2022-03-21,2022-04-13,,DE,DE,workshop,showroom
91876118,1249852470,3,2022-04-13,2022-04-17,,DE,DE,showroom,zipcode
92067652,1251968200,3,2022-04-13,2022-04-13,,PL,PL,workshop,workshop
91897736,1251968200,3,2022-03-23,2022-03-23,,PL,PL,workshop,workshop
91964496,1251968200,3,2022-03-30,2022-03-30,,PL,PL,workshop,workshop
92130809,1251968200,2,2022-04-24,,,PL,PL,workshop,zipcode
91742069,1251968200,4,,,2022-03-06,BE,BE,Branch,LC
91745791,1251968200,3,2022-03-06,2022-03-07,,BE,BE,Branch,LC
91745792,1251968200,3,2022-03-09,2022-03-20,,BE,PL,LC,workshop
91550704,1251257831,3,2022-02-13,2022-02-17,,ES,ES,Branch,workshop
91999216,1251257831,3,2022-04-05,2022-04-12,,ES,ES,workshop,showroom
91999217,1251257831,3,2022-04-13,2022-04-22,,ES,ES,showroom,zipcode
92006295,1253183335,3,2022-04-05,2022-04-13,,DE,DE,Branch,workshop
92000688,1253684757,3,2022-04-04,2022-04-14,,DE,DE,Branch,workshop
91923965,1253108318,3,2022-03-27,2022-04-14,,DE,DE,Branch,workshop
91950019,1253123535,3,2022-03-29,2022-04-14,,ES,ES,Branch,workshop
92022238,1253923214,4,2022-04-06,,2022-04-13,DE,DE,Branch,workshop
92070812,1253923214,3,2022-04-13,2022-04-14,,DE,DE,Branch,workshop
92182261,1253923214,2,2022-04-27,,,DE,DE,workshop,workshop
91975770,1251784313,4,2022-04-02,,2022-04-13,DE,DE,Branch,workshop
92067197,1251784313,3,2022-04-13,2022-04-14,,DE,DE,Branch,workshop
92164252,1248328616,3,2022-04-25,2022-04-27,,ES,ES,workshop,showroom
92164253,1248328616,2,2022-04-27,,,ES,ES,showroom,zipcode
91644020,1248328616,3,2022-02-23,2022-02-27,,ES,ES,Branch,workshop
92008949,1217760412,3,2022-04-05,2022-04-27,,ES,ES,Branch,workshop
92095418,1253507187,3,2022-04-17,2022-04-27,,DE,DE,Branch,workshop
91312931,1249864046,4,,,2022-01-17,DE,DE,Branch,workshop
91313399,1249864046,4,2022-01-17,,2022-01-19,DE,DE,Branch,workshop
92134935,1249864046,3,2022-04-24,2022-04-27,,DE,DE,workshop,LC
92134936,1249864046,2,2022-04-27,,,DE,DE,LC,zipcode
91334844,1249864046,3,2022-01-19,2022-01-26,,DE,DE,LC,workshop
91334849,1249864046,3,2022-01-26,2022-02-01,,DE,DE,workshop,workshop
91318995,1249864046,4,,,2022-01-19,DE,DE,workshop,workshop
92180431,1252134632,3,2022-04-26,2022-04-27,,DE,DE,Branch,workshop
92050474,1252134632,4,,,2022-04-26,DE,DE,LC,workshop
92050473,1252134632,4,2022-04-26,,2022-04-26,DE,DE,Branch,LC
92180491,1253839205,3,2022-04-26,2022-04-27,,DE,DE,Branch,workshop
92065437,1253839205,4,,,2022-04-26,DE,DE,Branch,LC
92065438,1253839205,4,,,2022-04-26,DE,DE,LC,workshop
91601450,1250745638,3,2022-02-20,2022-02-24,,ES,ES,Branch,LC
91601451,1250745638,3,2022-02-24,2022-03-06,,ES,ES,LC,workshop
92173450,1250745638,4,,,2022-04-25,ES,ES,showroom,zipcode
92166502,1250745638,4,,,2022-04-25,ES,ES,workshop,showroom
92166503,1250745638,4,,,2022-04-25,ES,ES,showroom,zipcode
92171702,1250745638,2,2022-04-25,,,ES,ES,workshop,showroom
92014900,1250745638,4,2022-04-05,,2022-04-10,ES,ES,workshop,showroom
91590468,1250745638,4,2022-02-16,,2022-02-17,ES,ES,Branch,LC
91590469,1250745638,4,,,2022-02-17,ES,ES,LC,workshop
92173451,1250745638,1,,,,ES,ES,showroom,zipcode
92140980,1254613459,3,2022-04-21,2022-04-27,,ES,ES,Branch,workshop
91980985,1253527029,3,2022-04-03,2022-04-13,,ES,ES,Branch,workshop
92004539,1253333122,3,2022-04-04,2022-04-13,,ES,ES,Branch,workshop
92044017,1249400248,3,2022-04-11,2022-04-17,,DE,DE,Branch,workshop
91516349,1251032112,3,2022-02-08,2022-02-10,,IT,IT,Branch,LC
91517514,1251032112,3,2022-02-16,2022-03-01,,IT,PL,LC,workshop
91994092,1251032112,3,2022-04-03,2022-04-03,,PL,PL,workshop,workshop
92094595,1251032112,3,2022-04-17,2022-04-17,,PL,PL,workshop,workshop
92105807,1251032112,3,2022-04-18,2022-04-25,,PL,PL,workshop,zipcode
91924230,1251032112,3,2022-03-27,2022-03-27,,PL,PL,workshop,workshop
91980475,1246804351,3,2022-04-03,2022-04-17,,ES,ES,Branch,workshop
92168300,1251333049,3,2022-04-25,2022-04-27,,ES,ES,showroom,zipcode
92043154,1251333049,3,2022-04-12,2022-04-17,,ES,ES,workshop,showroom
92043155,1251333049,4,2022-04-17,,2022-04-24,ES,ES,showroom,zipcode
91569980,1251333049,3,2022-02-15,2022-02-20,,ES,ES,Branch,workshop
91987631,1253023186,3,2022-04-02,2022-04-05,,DE,DE,Branch,LC
91987632,1253023186,4,,,2022-04-06,DE,DE,LC,workshop
92021545,1253023186,3,2022-04-06,2022-04-18,,DE,DE,LC,workshop
91975308,1253023186,4,,,2022-04-02,DE,DE,Branch,LC
91975309,1253023186,4,,,2022-04-02,DE,DE,LC,workshop
91687715,1251662930,3,2022-02-28,2022-03-01,,DE,DE,LC,workshop
91954756,1251662930,3,2022-04-03,2022-04-18,,DE,DE,workshop,Branch
91954757,1251662930,4,2022-04-18,,2022-04-26,DE,DE,Branch,zipcode
91954730,1251662930,3,2022-03-30,2022-04-01,,DE,DE,Branch,workshop
91594366,1251662930,4,2022-02-17,,2022-02-20,DE,DE,Branch,workshop
91619663,1251662930,3,2022-02-21,2022-02-27,,DE,DE,Branch,workshop
92179937,1251662930,2,2022-04-26,,,DE,DE,Branch,workshop
91875952,1251662930,3,2022-03-21,2022-03-22,,DE,DE,workshop,Branch
91875953,1251662930,4,2022-03-22,,2022-03-29,DE,DE,Branch,zipcode
91954432,1253618317,3,2022-03-29,2022-04-03,,DE,DE,Branch,LC
91993515,1253618317,3,2022-04-03,2022-04-18,,DE,DE,LC,workshop
91964097,1253618317,4,,,2022-04-03,DE,DE,LC,workshop
91930553,1249737089,3,2022-03-27,2022-04-03,,DE,DE,Branch,LC
91999671,1249737089,3,2022-04-04,2022-04-18,,DE,DE,LC,workshop
91993421,1253919299,3,2022-04-03,2022-04-04,,DE,DE,Branch,LC
91994000,1253919299,3,2022-04-05,2022-04-18,,DE,DE,LC,workshop
92079126,1253988336,3,2022-04-14,2022-04-17,,DE,DE,Branch,LC
92079127,1253988336,2,2022-04-18,,,DE,DE,LC,workshop
91964094,1251204229,3,2022-03-30,2022-04-03,,DE,DE,Branch,LC
91964095,1251204229,3,2022-04-03,2022-04-03,,DE,DE,LC,workshop
92066455,1254002690,4,2022-04-13,,2022-04-14,DE,DE,Branch,workshop
92078616,1254002690,3,2022-04-14,2022-04-19,,DE,DE,Branch,workshop
92012494,1250954261,3,2022-04-05,2022-04-18,,DE,DE,workshop,workshop
92012495,1250954261,3,2022-04-19,2022-04-21,,DE,DE,workshop,zipcode
91678336,1250954261,4,2022-02-27,,2022-02-28,DE,DE,Branch,LC
91678337,1250954261,4,,,2022-02-28,DE,DE,LC,workshop
91719633,1250954261,4,,,2022-03-02,DE,DE,Branch,workshop
91719663,1250954261,3,2022-03-02,2022-03-07,,DE,DE,Branch,workshop
91690447,1250954261,4,2022-02-28,,2022-03-02,DE,DE,Branch,LC
91690448,1250954261,4,,,2022-03-01,DE,DE,LC,workshop
91707446,1250954261,4,,,2022-03-02,DE,DE,LC,workshop
91710502,1250954261,4,2022-03-02,,2022-03-02,DE,DE,Branch,LC
92106642,1253527258,3,2022-04-18,2022-04-19,,ES,ES,Branch,workshop
92081893,1254335240,3,2022-04-14,2022-04-19,,ES,ES,Branch,workshop
92126917,1252070629,2,2022-04-20,,,ES,ES,showroom,workshop
92055364,1252070629,4,,,2022-04-19,ES,ES,showroom,zipcode
92055363,1252070629,3,2022-04-14,2022-04-19,,ES,ES,workshop,showroom
91659455,1252070629,3,2022-02-24,2022-03-01,,ES,ES,Branch,workshop
92099169,1253445763,1,,,,DE,DE,LC,workshop
92099168,1253445763,3,2022-04-18,2022-04-19,,DE,DE,Branch,LC
91689607,1250732849,3,2022-02-28,2022-02-28,,PL,PL,workshop,LC
91984311,1250732849,4,,,2022-04-01,PL,IT,LC,LC
91984312,1250732849,4,,,2022-04-01,IT,IT,LC,zipcode
91986862,1250732849,4,,,2022-04-03,PL,IT,LC,LC
91989666,1250732849,3,2022-04-04,2022-04-19,,PL,IT,LC,LC
91452573,1250732849,3,2022-02-02,2022-02-03,,DE,DE,Branch,LC
91452574,1250732849,3,2022-02-07,2022-02-15,,DE,PL,LC,workshop
91450772,1250732849,4,,,2022-02-01,DE,DE,Branch,LC
92051538,1253736718,4,2022-04-11,,2022-04-17,DE,DE,Branch,workshop
92100158,1253736718,3,2022-04-17,2022-04-20,,DE,DE,Branch,workshop
92057865,1249969022,3,2022-04-12,2022-04-12,,PL,PL,workshop,workshop
91908969,1249969022,3,2022-03-27,2022-03-28,,DE,DE,Branch,LC
91908970,1249969022,3,2022-03-29,2022-04-11,,DE,PL,LC,workshop
92128132,1249969022,3,2022-04-20,2022-04-20,,PL,PL,workshop,workshop
91973396,1251069315,3,2022-03-31,2022-03-31,,PL,PL,workshop,workshop
91905602,1251069315,3,2022-03-24,2022-03-24,,PL,PL,workshop,workshop
91899248,1251069315,3,2022-03-23,2022-03-23,,PL,PL,workshop,workshop
92135609,1251069315,4,2022-04-25,,2022-04-25,PL,PL,workshop,zipcode
92128246,1251069315,3,2022-04-20,2022-04-20,,PL,PL,workshop,workshop
91668076,1251069315,3,2022-02-26,2022-02-28,,DE,DE,Branch,LC
91668077,1251069315,3,2022-03-01,2022-03-10,,DE,PL,LC,workshop
92169545,1251069315,3,2022-04-25,2022-04-27,,PL,PL,workshop,zipcode
92077233,1251069315,3,2022-04-14,2022-04-14,,PL,PL,workshop,workshop
91811532,1251069315,3,2022-03-14,2022-03-14,,PL,PL,workshop,workshop
92049043,1254331845,4,2022-04-11,,2022-04-18,DE,DE,Branch,workshop
92108432,1254331845,3,2022-04-18,2022-04-20,,DE,DE,Branch,workshop
92132057,1254800548,2,2022-04-21,,,DE,DE,Branch,workshop
91339752,1248614500,3,2022-01-20,2022-01-30,,ES,ES,Branch,workshop
92081760,1248614500,4,2022-04-14,,2022-04-17,ES,ES,workshop,showroom
92097405,1248614500,3,2022-04-17,2022-04-20,,ES,ES,workshop,showroom
92081761,1248614500,3,2022-04-20,2022-04-26,,ES,ES,showroom,zipcode
92057719,1254090173,4,2022-04-12,,2022-04-18,DE,DE,Branch,workshop
92112353,1254090173,3,2022-04-18,2022-04-21,,DE,DE,Branch,workshop
92094915,1254389646,3,2022-04-17,2022-04-21,,DE,DE,Branch,workshop
92153325,1254726059,2,2022-04-24,,,ES,ES,Branch,workshop
92137885,1252447071,3,2022-04-21,2022-04-21,,PL,PL,workshop,workshop
91801917,1252447071,3,2022-03-13,2022-03-16,,DE,DE,Branch,LC
92014970,1252447071,3,2022-04-05,2022-04-05,,PL,PL,workshop,workshop
92047548,1252447071,3,2022-04-11,2022-04-11,,PL,PL,workshop,workshop
91803872,1252447071,3,2022-03-17,2022-03-31,,DE,PL,LC,workshop
92138941,1254743765,2,2022-04-21,,,DE,DE,Branch,workshop
91489561,1250725329,4,2022-02-07,,2022-02-07,DE,DE,Branch,workshop
91500020,1250725329,3,2022-02-08,2022-02-09,,DE,DE,Branch,workshop
92046278,1250725329,4,,,2022-04-18,DE,DE,workshop,LC
92106851,1250725329,3,2022-04-18,2022-04-21,,DE,DE,workshop,LC
92046279,1250725329,2,2022-04-21,,,DE,DE,LC,zipcode
91396566,1240598476,3,2022-02-03,2022-02-06,,DE,DE,workshop,workshop
91381658,1240598476,3,2022-01-25,2022-01-25,,DE,DE,Branch,LC
91381659,1240598476,3,2022-01-26,2022-02-03,,DE,DE,LC,workshop
92093149,1240598476,4,2022-04-18,,2022-04-20,DE,DE,workshop,LC
92129014,1240598476,3,2022-04-20,2022-04-21,,DE,DE,workshop,LC
92093150,1240598476,3,2022-04-21,2022-04-26,,DE,DE,LC,zipcode
91733189,1252316216,3,2022-03-06,2022-03-10,,FR,FR,Branch,LC
91748493,1252316216,3,2022-03-10,2022-04-04,,FR,PL,LC,workshop
92139201,1252316216,3,2022-04-21,2022-04-21,,PL,PL,workshop,workshop
92021224,1252316216,3,2022-04-06,2022-04-06,,PL,PL,workshop,workshop
92156139,1254343152,1,,,,DE,DE,LC,workshop
92156138,1254343152,2,2022-04-24,,,DE,DE,Branch,LC
92147730,1254343152,4,,,2022-04-24,DE,DE,Branch,workshop
91438683,1249233480,3,2022-01-31,2022-02-03,,DE,DE,LC,workshop
91438691,1249233480,3,2022-02-03,2022-02-06,,DE,DE,workshop,workshop
92058294,1249233480,3,2022-04-14,2022-04-22,,DE,DE,workshop,workshop
92058295,1249233480,3,2022-04-24,2022-04-27,,DE,DE,workshop,zipcode
91371115,1249233480,3,2022-01-24,2022-01-30,,DE,DE,Branch,LC
91371116,1249233480,4,,,2022-01-31,DE,DE,LC,workshop
91436709,1249233480,4,,,2022-01-31,DE,DE,LC,workshop
91436728,1249233480,4,,,2022-01-31,DE,DE,workshop,workshop
92046315,1250767456,3,2022-04-11,2022-04-24,,ES,ES,Branch,workshop
92155805,1254788493,1,,,,DE,DE,LC,workshop
92155804,1254788493,1,,,,DE,DE,Branch,LC
92120232,1252894467,4,2022-04-19,,2022-04-20,DE,DE,Branch,workshop
92131454,1252894467,3,2022-04-20,2022-04-24,,DE,DE,Branch,workshop
92087505,1254369875,3,2022-04-17,2022-04-24,,DE,DE,Branch,LC
92087506,1254369875,2,2022-04-24,,,DE,DE,LC,workshop
92103882,1254346342,4,2022-04-17,,2022-04-20,DE,DE,Branch,workshop
92128888,1254346342,3,2022-04-20,2022-04-25,,DE,DE,Branch,workshop
92100275,1254175656,3,2022-04-17,2022-04-25,,DE,DE,Branch,workshop
92167241,1254577604,2,2022-04-25,,,DE,DE,Branch,workshop
91871298,1251021442,3,2022-03-29,2022-04-25,,FR,PL,LC,workshop
91857601,1251021442,3,2022-03-20,2022-03-29,,FR,FR,Branch,LC
92169904,1238872418,1,,,,DE,DE,Branch,workshop
91932072,1247335117,3,2022-03-27,2022-03-29,,IT,IT,Branch,LC
91946089,1247335117,3,2022-04-11,2022-04-26,,IT,PL,LC,workshop
92137106,1254293255,3,2022-04-21,2022-04-26,,ES,ES,Branch,workshop
92078282,1248689655,3,2022-04-14,2022-04-17,,DE,DE,Branch,Branch
92128808,1248689655,3,2022-04-20,2022-04-25,,DE,DE,Branch,LC
91644184,1248689655,4,,,2022-03-20,DE,DE,workshop,Branch
91644185,1248689655,3,2022-03-21,2022-03-23,,DE,DE,Branch,zipcode
91863756,1248689655,3,2022-03-20,2022-03-21,,DE,DE,workshop,Branch
91186379,1248689655,3,2022-01-02,2022-01-04,,DE,DE,Branch,workshop
92154586,1254647246,3,2022-04-24,2022-04-26,,DE,DE,Branch,workshop
91203079,1249131717,3,2022-01-04,2022-01-13,,ES,ES,Branch,workshop
91541773,1251234134,3,2022-02-13,2022-02-15,,DE,DE,Branch,workshop
92118108,1251234134,4,,,2022-04-24,DE,DE,workshop,workshop
92158431,1251234134,3,2022-04-24,2022-04-26,,DE,DE,workshop,workshop
92118109,1251234134,2,2022-04-26,,,DE,DE,workshop,zipcode
91395137,1250026989,3,2022-01-26,2022-01-27,,DE,DE,Branch,LC
91464395,1250026989,4,,,2022-02-06,DE,NL,LC,LC
91464396,1250026989,4,,,2022-02-06,NL,DE,LC,LC
91464397,1250026989,4,,,2022-02-06,DE,DE,LC,workshop
91484868,1250026989,3,2022-02-13,2022-02-13,,DE,DE,workshop,workshop
91484864,1250026989,3,2022-02-06,2022-02-13,,DE,DE,LC,workshop
92095374,1250026989,3,2022-04-17,2022-04-26,,DE,DE,workshop,showroom
92095375,1250026989,2,2022-04-26,,,DE,DE,showroom,zipcode
92090761,1250026989,4,,,2022-04-17,DE,DE,showroom,zipcode
92090760,1250026989,4,,,2022-04-17,DE,DE,workshop,showroom
91217793,1249386690,3,2022-01-06,2022-01-10,,DE,DE,Branch,workshop
91884764,1249386690,4,,,2022-03-29,DE,DE,workshop,Branch
91884765,1249386690,4,,,2022-03-29,DE,DE,Branch,zipcode
91975346,1249386690,4,,,2022-04-08,DE,DE,workshop,Branch
91975347,1249386690,4,,,2022-04-08,DE,DE,Branch,zipcode
92077722,1249386690,4,,,2022-04-21,DE,DE,workshop,workshop
92138581,1249386690,3,2022-04-21,2022-04-26,,DE,DE,workshop,workshop
92077723,1249386690,2,2022-04-26,,,DE,DE,workshop,zipcode
91541778,1250953578,4,2022-02-13,,2022-02-14,DE,DE,Branch,workshop
91566044,1250953578,3,2022-02-14,2022-02-17,,DE,DE,Branch,workshop
92106255,1250953578,3,2022-04-19,2022-04-26,,DE,DE,workshop,workshop
92106256,1250953578,2,2022-04-26,,,DE,DE,workshop,zipcode
92170271,1252118507,2,2022-04-27,,,DE,DE,Branch,zipcode
91712937,1252118507,3,2022-03-07,2022-03-08,,DE,DE,Branch,LC
91712938,1252118507,3,2022-03-09,2022-03-10,,DE,DE,LC,workshop
92095262,1252118507,4,,,2022-04-24,DE,DE,workshop,Branch
92095263,1252118507,4,,,2022-04-25,DE,DE,Branch,zipcode
92156002,1252118507,3,2022-04-24,2022-04-26,,DE,DE,workshop,Branch
92115734,1253089524,3,2022-04-19,2022-04-26,,DE,DE,Branch,workshop
92166440,1254356251,3,2022-04-25,2022-04-26,,DE,DE,Branch,workshop
91385883,1250125375,3,2022-01-25,2022-01-27,,FR,FR,Branch,LC
92185798,1250125375,3,2022-04-27,2022-04-26,,PL,PL,workshop,workshop
91463055,1250125375,3,2022-02-03,2022-03-28,,FR,PL,LC,workshop
92080163,1252565444,3,2022-04-14,2022-04-14,,PL,PL,workshop,workshop
91988848,1252565444,3,2022-04-03,2022-04-03,,PL,PL,workshop,workshop
91815004,1252565444,3,2022-03-14,2022-03-17,,FR,FR,Branch,LC
92185803,1252565444,3,2022-04-27,2022-04-26,,PL,PL,workshop,workshop
91829530,1252565444,3,2022-03-17,2022-03-28,,FR,PL,LC,workshop
91773944,1251520979,3,2022-03-09,2022-03-14,,DE,DE,LC,workshop
92127346,1251520979,3,2022-04-20,2022-04-26,,DE,DE,workshop,workshop
92127347,1251520979,2,2022-04-27,,,DE,DE,workshop,zipcode
91593779,1251520979,3,2022-02-17,2022-02-23,,DE,DE,Branch,LC
91593780,1251520979,3,2022-02-24,2022-02-24,,DE,DE,LC,workshop
92160395,1253507107,1,,,,DE,DE,Branch,zipcode
92160394,1253507107,4,,,2022-04-25,DE,DE,workshop,Branch
92172431,1253507107,2,2022-04-25,,,DE,DE,workshop,Branch
91909329,1253507107,3,2022-03-27,2022-03-30,,DE,DE,Branch,workshop
91596348,1250521414,3,2022-02-17,2022-02-17,,DE,DE,LC,workshop
91446323,1250521414,4,,,2022-02-17,DE,DE,workshop,workshop
92059830,1250521414,4,,,2022-04-26,DE,DE,workshop,showroom
92175342,1250521414,3,2022-04-26,2022-04-27,,DE,DE,workshop,showroom
92059831,1250521414,2,2022-04-27,,,DE,DE,showroom,zipcode
91439217,1250521414,3,2022-01-31,2022-02-16,,DE,DE,Branch,workshop
92188605,1254955622,2,2022-04-27,,,DE,DE,Branch,workshop
92144353,1254905939,4,2022-04-24,,2022-04-26,DE,DE,Branch,workshop
92177672,1254905939,3,2022-04-26,2022-04-27,,DE,DE,Branch,workshop
92189469,1254563102,1,,,,DE,DE,LC,workshop
92189468,1254563102,2,2022-04-27,,,DE,DE,Branch,LC
92166872,1249633545,1,,,,DE,DE,LC,workshop
92166871,1249633545,3,2022-04-25,2022-04-26,,DE,DE,Branch,LC
91686169,1251633129,3,2022-02-28,2022-03-08,,ES,ES,Branch,workshop
92104784,1251633129,3,2022-04-19,2022-04-27,,ES,ES,workshop,Branch
92104785,1251633129,2,2022-04-27,,,ES,ES,Branch,zipcode
91960510,1251633129,4,,,2022-03-30,ES,ES,workshop,showroom
92154429,1248655483,4,,,2022-04-25,ES,ES,Branch,zipcode
92154428,1248655483,3,2022-04-25,2022-04-27,,ES,ES,workshop,Branch
92192720,1248655483,2,2022-04-27,,,ES,ES,Branch,workshop
91478589,1248655483,3,2022-02-06,2022-02-08,,ES,ES,Branch,workshop
92087226,1254510195,2,2022-04-17,,,ES,ES,Branch,workshop
92142633,1252815261,2,2022-04-21,,,ES,ES,Branch,workshop
92159026,1251727793,3,2022-04-24,2022-04-25,,DE,DE,workshop,LC
92087757,1251727793,3,2022-04-17,2022-04-20,,DE,DE,Branch,workshop
92191888,1253456070,4,2022-04-27,,2022-04-27,DE,DE,LC,workshop
92095436,1253456070,3,2022-04-17,2022-04-27,,DE,DE,Branch,LC
92095437,1253456070,4,,,2022-04-27,DE,DE,LC,workshop
92192299,1253456070,2,2022-04-27,,,DE,DE,LC,workshop
92190828,1255001221,1,,,,DE,DE,Branch,workshop
92140509,1251044355,1,,,,DE,DE,Branch,zipcode
92140508,1251044355,2,2022-04-24,,,DE,DE,workshop,Branch
91530089,1251044355,4,2022-02-10,,2022-02-15,DE,DE,Branch,LC
91530090,1251044355,3,2022-02-21,2022-02-21,,DE,DE,LC,workshop
91571484,1251044355,3,2022-02-15,2022-02-20,,DE,DE,Branch,LC
92155016,1251623922,3,2022-04-24,2022-04-24,,PL,PL,workshop,workshop
91584800,1251623922,3,2022-02-16,2022-02-23,,DE,DE,Branch,LC
91584801,1251623922,4,,,2022-02-24,DE,PL,LC,workshop
91835671,1251623922,3,2022-03-16,2022-03-16,,PL,PL,workshop,workshop
92137009,1251623922,3,2022-04-21,2022-04-21,,PL,PL,workshop,workshop
92137148,1251623922,3,2022-04-21,2022-04-20,,PL,PL,workshop,workshop
91656694,1251623922,3,2022-02-24,2022-03-07,,DE,PL,LC,workshop
92013618,1251623922,3,2022-04-05,2022-04-05,,PL,PL,workshop,workshop
92068497,1251623922,4,2022-04-13,,2022-04-21,PL,PL,workshop,workshop
92195368,1251623922,3,2022-04-28,2022-04-28,,PL,PL,workshop,workshop
92058642,1249345818,4,2022-04-12,,,DE,DE,Branch,workshop
91271445,1249345818,3,2022-01-24,2022-01-27,,DE,DE,workshop,workshop
91226195,1249345818,3,2022-01-09,2022-01-10,,DE,DE,Branch,LC
91226196,1249345818,3,2022-01-11,2022-01-24,,DE,DE,LC,workshop
91741498,1249345818,4,,,2022-03-09,DE,DE,workshop,workshop
91741499,1249345818,3,2022-03-16,2022-03-18,,DE,DE,workshop,zipcode
91776340,1249345818,3,2022-03-09,2022-03-16,,DE,DE,workshop,workshop
92149327,1254906282,4,,,2022-04-24,DE,DE,Branch,workshop
92156132,1254906282,1,,,,DE,DE,LC,workshop
92156131,1254906282,3,2022-04-24,2022-04-27,,DE,DE,Branch,LC
91750879,1248072039,3,2022-03-15,2022-03-16,,ES,ES,Branch,zipcode
91228901,1248072039,3,2022-01-09,2022-01-17,,ES,ES,Branch,workshop
91540386,1248182576,4,,,2022-02-20,DE,DE,workshop,LC
91540387,1248182576,3,2022-02-22,2022-02-27,,DE,DE,LC,zipcode
91615782,1248182576,3,2022-02-20,2022-02-22,,DE,DE,workshop,LC
91224977,1248182576,3,2022-01-06,2022-01-11,,DE,DE,Branch,workshop
91265767,1248395334,3,2022-01-12,2022-01-18,,ES,ES,Branch,workshop
91234602,1248480380,3,2022-01-09,2022-01-11,,DE,DE,Branch,workshop
91234079,1248480380,4,,,2022-01-09,DE,DE,Branch,workshop
91195393,1248480380,4,2022-01-03,,2022-01-09,DE,DE,Branch,workshop
91234591,1248480380,4,,,2022-01-09,DE,DE,Branch,workshop
91571024,1248480380,4,,,2022-02-20,DE,DE,workshop,workshop
91571025,1248480380,3,2022-02-23,2022-02-27,,DE,DE,workshop,zipcode
91617719,1248480380,3,2022-02-20,2022-02-22,,DE,DE,workshop,workshop
91675946,1248556546,3,2022-02-27,2022-02-27,,PL,PL,workshop,workshop
91552770,1248556546,3,2022-02-13,2022-02-13,,PL,PL,workshop,workshop
91184295,1248556546,3,2022-01-18,2022-01-31,,NL,PL,LC,workshop
91176660,1248556546,3,2021-12-30,2022-01-02,,NL,NL,Branch,LC
91500344,1248556546,3,2022-02-07,2022-02-07,,PL,PL,workshop,workshop
91669360,1248735534,3,2022-03-02,2022-03-16,,DE,DE,workshop,showroom
91669361,1248735534,3,2022-03-16,2022-03-16,,DE,DE,showroom,zipcode
91205836,1248735534,3,2022-01-04,2022-01-05,,DE,DE,Branch,LC
91205838,1248735534,3,2022-01-09,2022-01-24,,DE,DE,LC,workshop
91341623,1248735534,3,2022-01-24,2022-01-27,,DE,DE,workshop,workshop
91228017,1248738080,4,,,2022-01-09,ES,ES,Branch,workshop
91233388,1248738080,3,2022-01-09,2022-01-25,,ES,ES,LC,workshop
91825356,1248772371,3,2022-03-15,2022-03-20,,DE,DE,Branch,workshop
91751937,1248781615,3,2022-03-07,2022-03-20,,DE,DE,workshop,zipcode
91638058,1248781615,4,,,2022-03-06,DE,DE,workshop,workshop
91638059,1248781615,4,,,2022-03-07,DE,DE,workshop,zipcode
91742188,1248781615,3,2022-03-06,2022-03-07,,DE,DE,workshop,workshop
91241134,1248781615,4,2022-01-10,,2022-01-17,DE,DE,Branch,workshop
91306394,1248781615,3,2022-01-17,2022-01-18,,DE,DE,Branch,workshop
91257038,1248871009,3,2022-01-11,2022-01-11,,DE,DE,workshop,workshop
91432480,1248871009,3,2022-02-09,2022-02-21,,DE,DE,workshop,workshop
91432481,1248871009,3,2022-02-21,2022-02-27,,DE,DE,workshop,zipcode
91223092,1248871009,3,2022-01-06,2022-01-11,,DE,DE,Branch,workshop
91454136,1248943193,3,2022-02-09,2022-02-20,,DE,DE,workshop,LC
91454137,1248943193,3,2022-02-20,2022-02-23,,DE,DE,LC,zipcode
91223334,1248943193,3,2022-01-06,2022-01-10,,DE,DE,Branch,workshop
91498507,1248966212,3,2022-02-07,2022-02-06,,PL,PL,workshop,workshop
91240051,1248966212,3,2022-01-09,2022-01-23,,DE,PL,LC,workshop
91854048,1248966212,3,2022-03-23,2022-03-29,,PL,PL,workshop,zipcode
91203528,1248966212,3,2022-01-04,2022-01-06,,DE,DE,Branch,LC
91203529,1248966212,4,,,2022-01-09,DE,PL,LC,workshop
91764966,1248966212,4,,,2022-03-09,PL,PL,workshop,zipcode
91344673,1248999470,3,2022-01-20,2022-01-24,,ES,ES,workshop,LC
91588080,1248999470,3,2022-02-20,2022-02-23,,ES,ES,LC,zipcode
91264228,1248999470,3,2022-01-12,2022-01-17,,ES,ES,Branch,workshop
91220460,1249046356,3,2022-01-06,2022-01-17,,DE,DE,Branch,workshop
91674922,1249046356,3,2022-03-02,2022-03-02,,DE,DE,workshop,workshop
91674923,1249046356,3,2022-03-03,2022-03-10,,DE,DE,workshop,Branch
91610309,1249046356,4,,,2022-02-21,DE,DE,workshop,showroom
91610310,1249046356,4,,,2022-02-21,DE,DE,showroom,zipcode
91268553,1249047666,4,,,2022-02-07,DE,DE,workshop,LC
91268554,1249047666,4,,,2022-02-07,DE,DE,LC,Branch
91268555,1249047666,4,,,2022-02-07,DE,DE,Branch,zipcode
91187913,1249047666,3,2022-01-02,2022-01-04,,DE,DE,Branch,workshop
91496665,1249047666,3,2022-02-09,2022-02-11,,DE,DE,workshop,Branch
91496666,1249047666,3,2022-02-13,2022-02-16,,DE,DE,Branch,zipcode
91195769,1249066058,3,2022-01-03,2022-01-11,,ES,ES,Branch,workshop
91238538,1249087091,3,2022-01-09,2022-01-12,,DE,DE,Branch,workshop
91559153,1249087091,4,,,2022-02-20,DE,DE,workshop,Branch
91559154,1249087091,3,2022-02-24,2022-03-07,,DE,DE,Branch,zipcode
91618628,1249087091,3,2022-02-20,2022-02-24,,DE,DE,workshop,Branch
91541951,1249162024,4,2022-02-13,,2022-02-16,DE,DE,Branch,workshop
91587355,1249162024,3,2022-02-16,2022-02-22,,DE,DE,Branch,workshop
91688869,1249162024,3,2022-02-28,2022-03-01,,DE,DE,LC,workshop
91197257,1249206175,3,2022-01-03,2022-01-11,,DE,DE,Branch,workshop
91761481,1249206175,3,2022-03-09,2022-03-20,,DE,DE,workshop,workshop
91761482,1249206175,3,2022-03-20,2022-03-22,,DE,DE,workshop,zipcode
91340847,1249277959,3,2022-02-01,2022-02-06,,DE,DE,workshop,workshop
91327040,1249277959,3,2022-01-19,2022-01-20,,DE,DE,Branch,LC
91327041,1249277959,3,2022-01-23,2022-02-01,,DE,DE,LC,workshop
91637455,1249283473,4,,,2022-02-27,DE,DE,workshop,Branch
91637456,1249283473,3,2022-03-03,2022-03-08,,DE,DE,Branch,zipcode
91683940,1249283473,3,2022-02-27,2022-03-03,,DE,DE,workshop,Branch
91200891,1249283473,3,2022-01-04,2022-01-10,,DE,DE,Branch,workshop
91250591,1249287143,3,2022-01-10,2022-01-13,,ES,ES,Branch,workshop
91495286,1249291913,4,2022-02-17,,2022-02-28,DE,DE,workshop,Branch
91212228,1249291913,3,2022-01-05,2022-01-11,,DE,DE,Branch,workshop
91692568,1249373149,3,2022-02-28,2022-02-28,,PL,PL,workshop,workshop
92104552,1249373149,4,2022-04-20,,2022-04-21,PL,PL,workshop,zipcode
91456169,1249373149,3,2022-02-02,2022-02-02,,PL,PL,workshop,workshop
91227219,1249373149,4,,,2022-01-07,FR,FR,Branch,LC
92137349,1249373149,3,2022-04-21,2022-04-24,,PL,PL,workshop,zipcode
91811513,1249373149,3,2022-03-14,2022-03-13,,PL,PL,workshop,workshop
91231812,1249373149,3,2022-01-09,2022-01-11,,FR,FR,Branch,LC
91231813,1249373149,3,2022-01-18,2022-01-30,,FR,PL,LC,workshop
91721286,1249373149,3,2022-03-03,2022-03-03,,PL,PL,workshop,workshop
91534201,1249373149,3,2022-02-10,2022-02-10,,PL,PL,workshop,workshop
91422992,1249466091,3,2022-01-30,2022-02-07,,DE,DE,Branch,workshop
91426470,1249466091,3,2022-02-07,2022-02-10,,DE,DE,workshop,workshop
91745816,1249466091,3,2022-03-14,2022-03-20,,DE,DE,workshop,Branch
91745817,1249466091,3,2022-03-20,2022-03-22,,DE,DE,Branch,zipcode
91759640,1249506937,4,,,2022-03-17,DE,DE,workshop,workshop
91759641,1249506937,3,2022-03-21,2022-03-23,,DE,DE,workshop,zipcode
91846537,1249506937,3,2022-03-17,2022-03-20,,DE,DE,workshop,workshop
91524570,1249506937,4,2022-02-09,,2022-02-20,DE,DE,Branch,workshop
91615543,1249506937,3,2022-02-20,2022-02-22,,DE,DE,Branch,workshop
91660206,1249515016,3,2022-02-26,2022-02-27,,DE,DE,Branch,LC
91660207,1249515016,3,2022-02-28,2022-03-02,,DE,DE,LC,workshop
91632915,1249613764,3,2022-02-22,2022-02-24,,ES,ES,Branch,workshop
91287933,1249654342,3,2022-01-16,2022-01-23,,ES,ES,Branch,workshop
91798044,1249677810,3,2022-03-13,2022-03-15,,DE,DE,Branch,workshop
92189904,1249677810,1,,,,DE,DE,showroom,zipcode
92189903,1249677810,1,,,,DE,DE,workshop,showroom
91391334,1249689552,3,2022-01-26,2022-01-26,,FR,FR,Branch,LC
91710879,1249689552,3,2022-03-02,2022-03-02,,PL,PL,workshop,workshop
91297158,1249689552,4,2022-01-16,,2022-01-26,FR,FR,Branch,LC
91297159,1249689552,4,,,2022-01-26,FR,PL,LC,workshop
91391343,1249689552,3,2022-01-31,2022-02-17,,FR,PL,LC,workshop
91624164,1249689552,3,2022-02-21,2022-02-21,,PL,PL,workshop,workshop
91799954,1249689552,3,2022-03-13,2022-03-10,,PL,PL,workshop,workshop
91423996,1249696650,3,2022-01-30,2022-02-03,,DE,DE,Branch,workshop
91426562,1249696650,4,2022-02-06,,2022-02-06,DE,DE,workshop,workshop
91360052,1249671422,3,2022-01-23,2022-01-27,,DE,DE,Branch,workshop
91381147,1249695915,3,2022-01-25,2022-02-03,,DE,DE,Branch,workshop
92155963,1249695915,1,,,,DE,DE,Branch,zipcode
92155962,1249695915,2,2022-04-24,,,DE,DE,workshop,Branch
91362037,1249714912,3,2022-01-23,2022-01-31,,ES,ES,Branch,workshop
91385463,1249718620,3,2022-01-25,2022-02-02,,DE,DE,Branch,workshop
91395505,1249718620,3,2022-02-03,2022-02-10,,DE,DE,workshop,workshop
91319764,1249789062,4,2022-01-18,,2022-02-01,DE,DE,Branch,workshop
91444695,1249789062,3,2022-02-01,2022-02-03,,DE,DE,Branch,workshop
91540223,1249789062,4,,,2022-02-20,DE,DE,workshop,LC
91540224,1249789062,3,2022-02-23,2022-02-27,,DE,DE,LC,zipcode
91615755,1249789062,3,2022-02-20,2022-02-23,,DE,DE,workshop,LC
91279247,1249809468,3,2022-01-16,2022-01-19,,DE,DE,Branch,workshop
91713393,1249809468,3,2022-03-03,2022-03-09,,DE,DE,workshop,Branch
91280043,1249809468,3,2022-01-19,2022-02-01,,DE,DE,workshop,workshop
91344947,1250068080,3,2022-01-20,2022-01-24,,ES,ES,Branch,workshop
91960096,1250119751,3,2022-03-30,2022-04-04,,ES,ES,workshop,zipcode
91928697,1250119751,4,,,2022-03-30,ES,ES,workshop,zipcode
91613437,1250119751,4,2022-02-22,,2022-02-28,ES,ES,workshop,Branch
91613438,1250119751,4,,,2022-02-27,ES,ES,Branch,zipcode
91381679,1250119751,3,2022-01-25,2022-01-31,,ES,ES,Branch,workshop
91321195,1250122080,3,2022-01-18,2022-01-24,,ES,ES,Branch,workshop
91530826,1250192686,3,2022-02-10,2022-02-13,,ES,ES,workshop,LC
91383347,1250192686,3,2022-01-25,2022-02-06,,ES,ES,Branch,workshop
91436161,1250361029,3,2022-01-31,2022-02-10,,ES,ES,Branch,workshop
92109008,1250363529,4,,,2022-04-18,ES,ES,workshop,zipcode
91365046,1250363529,3,2022-01-23,2022-01-26,,ES,ES,Branch,workshop
92131844,1250363529,2,2022-04-20,,,ES,ES,workshop,Branch
92109450,1250363529,4,,,2022-04-18,ES,ES,workshop,zipcode
91449502,1250386109,3,2022-02-01,2022-02-06,,DE,DE,Branch,LC
91509136,1250386109,3,2022-02-10,2022-02-13,,DE,DE,workshop,workshop
91464867,1250386109,4,2022-02-07,,2022-02-08,DE,DE,LC,workshop
91509132,1250386109,3,2022-02-08,2022-02-10,,DE,DE,LC,workshop
91393544,1250463905,3,2022-01-26,2022-02-06,,ES,ES,Branch,workshop
91614234,1250560068,3,2022-02-20,2022-02-20,,DE,DE,LC,workshop
91414743,1250560068,3,2022-01-30,2022-01-31,,DE,DE,Branch,LC
91414744,1250560068,3,2022-02-01,2022-02-17,,DE,DE,LC,workshop
91674463,1250560068,4,,,2022-02-27,DE,DE,workshop,workshop
91674464,1250560068,4,,,2022-02-27,DE,DE,workshop,zipcode
91750805,1250560068,4,,,2022-03-07,DE,DE,workshop,showroom
91750806,1250560068,4,,,2022-03-07,DE,DE,showroom,zipcode
91422989,1250560068,4,,,2022-02-20,DE,DE,workshop,workshop
91475571,1250646944,3,2022-02-06,2022-02-09,,DE,DE,Branch,workshop
91716079,1250646944,3,2022-03-08,2022-03-10,,DE,DE,workshop,workshop
91716080,1250646944,3,2022-03-13,2022-03-15,,DE,DE,workshop,zipcode
91582871,1250905119,3,2022-02-16,2022-02-20,,ES,ES,Branch,workshop
91763131,1250951919,3,2022-03-08,2022-03-09,,DE,DE,Branch,LC
91763132,1250951919,4,,,2022-03-13,DE,DE,LC,workshop
91804666,1250951919,3,2022-03-13,2022-03-20,,DE,DE,LC,workshop
91601838,1250996410,3,2022-02-20,2022-02-20,,ES,ES,Branch,workshop
91556262,1251010512,3,2022-02-13,2022-02-17,,DE,DE,Branch,workshop
92023043,1251010512,4,,,2022-04-12,DE,DE,workshop,workshop
92143223,1251010512,1,,,,DE,DE,showroom,zipcode
92187860,1251010512,2,2022-04-27,,,DE,DE,workshop,showroom
92143222,1251010512,4,,,2022-04-27,DE,DE,workshop,showroom
91491300,1251010512,4,2022-02-06,,2022-02-13,DE,DE,Branch,workshop
91995620,1251049845,4,,,2022-04-04,DE,DE,workshop,LC
91995621,1251049845,4,,,2022-04-04,DE,DE,LC,zipcode
92180427,1251049845,1,,,,DE,DE,Branch,zipcode
92180426,1251049845,1,,,,DE,DE,workshop,Branch
91670407,1251049845,3,2022-02-26,2022-02-27,,DE,DE,Branch,LC
91670408,1251049845,3,2022-02-28,2022-03-02,,DE,DE,LC,workshop
91843037,1251180569,3,2022-03-17,2022-03-17,,ES,ES,workshop,LC
91552679,1251180569,3,2022-02-13,2022-02-22,,ES,ES,Branch,workshop
91577074,1251200357,3,2022-02-15,2022-02-24,,ES,ES,Branch,workshop
91772829,1251200357,3,2022-03-09,2022-03-13,,ES,ES,workshop,zipcode
91562809,1251225828,3,2022-02-14,2022-02-17,,DE,DE,Branch,workshop
91587792,1251393163,3,2022-02-16,2022-02-22,,ES,ES,Branch,workshop
92189879,1251393509,1,,,,DE,DE,workshop,showroom
92189880,1251393509,1,,,,DE,DE,showroom,zipcode
92156126,1251393509,4,,,2022-04-25,DE,DE,workshop,zipcode
91599098,1251393509,3,2022-02-17,2022-02-23,,DE,DE,Branch,workshop
91630109,1251593628,3,2022-02-21,2022-02-24,,DE,DE,Branch,LC
91630110,1251593628,3,2022-02-27,2022-03-03,,DE,DE,LC,workshop
92097230,1251593628,3,2022-04-18,2022-04-25,,DE,DE,workshop,zipcode
91687848,1251888520,3,2022-02-28,2022-02-28,,DE,DE,Branch,LC
91687720,1251888520,4,,,2022-02-28,DE,DE,Branch,LC
91699520,1251888520,3,2022-03-01,2022-03-02,,DE,DE,LC,workshop
91660932,1251888520,4,2022-02-27,,2022-02-28,DE,DE,Branch,workshop
91678847,1251909811,4,2022-02-27,,2022-03-13,DE,DE,Branch,workshop
91805511,1251909811,3,2022-03-13,2022-03-20,,DE,DE,Branch,workshop
91727289,1251916285,3,2022-03-06,2022-03-07,,DE,DE,Branch,LC
91727290,1251916285,3,2022-03-09,2022-03-10,,DE,DE,LC,workshop
91804574,1251950059,3,2022-03-13,2022-03-14,,DE,DE,workshop,LC
91678347,1251950059,3,2022-02-27,2022-03-06,,DE,DE,Branch,workshop
91748437,1251983393,4,,,2022-03-07,DE,DE,Branch,workshop
91753526,1251983393,3,2022-03-07,2022-03-14,,DE,DE,Branch,workshop
91809863,1251989919,3,2022-03-14,2022-03-21,,ES,ES,Branch,workshop
91742090,1252078903,3,2022-03-06,2022-03-17,,DE,DE,Branch,workshop
92115221,1252081534,3,2022-04-24,2022-04-26,,DE,DE,workshop,zipcode
91693703,1252081534,3,2022-02-28,2022-03-07,,DE,DE,Branch,workshop
91746890,1252156561,3,2022-03-06,2022-03-13,,DE,DE,Branch,workshop
91683029,1252173490,3,2022-02-27,2022-03-07,,ES,ES,Branch,workshop
91724802,1252242767,3,2022-03-03,2022-03-08,,ES,ES,Branch,workshop
91727274,1252245712,3,2022-03-05,2022-03-07,,DE,DE,Branch,LC
91727275,1252245712,3,2022-03-07,2022-03-10,,DE,DE,LC,workshop
91714524,1252283744,3,2022-03-02,2022-03-13,,ES,ES,Branch,LC
91714525,1252283744,3,2022-03-13,2022-03-16,,ES,ES,LC,workshop
91823559,1252334637,3,2022-03-15,2022-03-15,,ES,ES,workshop,LC
91724164,1252334637,3,2022-03-03,2022-03-13,,ES,ES,Branch,workshop
91869212,1252334637,3,2022-03-22,2022-03-27,,ES,ES,LC,zipcode
91733410,1252451820,3,2022-03-06,2022-03-15,,DE,DE,Branch,workshop
92185488,1252451820,1,,,,DE,DE,workshop,LC
91834337,1252983904,3,2022-03-16,2022-03-22,,DE,DE,Branch,workshop
91823807,1253028833,3,2022-03-15,2022-03-21,,ES,ES,Branch,workshop
91855326,1252643716,3,2022-03-20,2022-03-23,,ES,ES,Branch,workshop
91867406,1252990234,3,2022-03-20,2022-03-24,,DE,DE,Branch,workshop
91213096,1248919290,3,2022-01-05,2022-01-09,,ES,ES,Branch,workshop
91512013,1248919290,4,,,2022-02-09,ES,ES,workshop,workshop
91867850,1248919290,3,2022-03-22,2022-03-24,,ES,ES,workshop,showroom
91867851,1248919290,3,2022-03-24,2022-03-28,,ES,ES,showroom,zipcode
91873767,1249347228,3,2022-03-21,2022-03-23,,ES,ES,workshop,showroom
91772007,1249347228,4,2022-03-09,,2022-03-09,ES,ES,workshop,showroom
91772008,1249347228,4,,,2022-03-09,ES,ES,showroom,zipcode
91912084,1249347228,3,2022-03-24,2022-03-28,,ES,ES,showroom,zipcode
91310542,1249347228,3,2022-01-17,2022-01-20,,ES,ES,Branch,workshop
91655389,1249696650,4,,,2022-03-02,DE,DE,workshop,Branch
91711485,1249696650,4,,,2022-03-08,DE,DE,workshop,Branch
91711486,1249696650,3,2022-03-14,2022-03-15,,DE,DE,Branch,zipcode
91763649,1249696650,3,2022-03-08,2022-03-13,,DE,DE,workshop,Branch
91491560,1249696650,3,2022-02-06,2022-02-06,,DE,DE,LC,workshop
91296619,1249715693,3,2022-01-16,2022-01-18,,DE,DE,Branch,workshop
91279633,1249715693,4,2022-01-13,,2022-01-16,DE,DE,Branch,workshop
91554443,1249715693,4,,,2022-02-17,DE,DE,workshop,workshop
91554444,1249715693,4,,,2022-02-17,DE,DE,workshop,zipcode
91651229,1249715693,3,2022-03-02,2022-03-02,,DE,DE,workshop,workshop
91651230,1249715693,3,2022-03-03,2022-03-15,,DE,DE,workshop,zipcode
91281753,1249715693,4,,,2022-01-16,DE,DE,workshop,workshop
91530829,1249717010,3,2022-02-10,2022-02-14,,ES,ES,workshop,LC
91476655,1249717010,3,2022-02-06,2022-02-06,,ES,ES,Branch,workshop
91666371,1249717010,3,2022-02-27,2022-03-10,,ES,ES,LC,zipcode
91268378,1249736225,3,2022-01-12,2022-01-13,,ES,ES,Branch,workshop
91324727,1249736225,3,2022-01-18,2022-01-23,,ES,ES,workshop,Branch
91324728,1249736225,3,2022-01-23,2022-02-08,,ES,ES,Branch,zipcode
91280092,1249750398,3,2022-01-13,2022-01-19,,DE,DE,Branch,workshop
91625651,1249750398,4,,,2022-02-23,DE,DE,workshop,workshop
91625652,1249750398,4,,,2022-02-23,DE,DE,workshop,zipcode
91649950,1249750398,4,,,2022-02-23,DE,DE,workshop,workshop
91649996,1249750398,4,,,2022-02-27,DE,DE,workshop,workshop
91649997,1249750398,3,2022-03-01,2022-03-09,,DE,DE,workshop,zipcode
91679491,1249750398,3,2022-02-27,2022-03-01,,DE,DE,workshop,workshop
91571243,1249793581,3,2022-02-15,2022-02-22,,ES,ES,workshop,zipcode
91286574,1249793581,3,2022-01-16,2022-01-17,,ES,ES,Branch,workshop
91312963,1249823730,3,2022-01-17,2022-01-19,,ES,ES,Branch,workshop
91359798,1249823730,3,2022-01-23,2022-01-24,,ES,ES,workshop,LC
91673038,1249823730,3,2022-03-16,2022-03-17,,ES,ES,LC,zipcode
92013406,1249873904,4,,,2022-04-05,ES,ES,workshop,showroom
92013407,1249873904,4,,,2022-04-05,ES,ES,showroom,zipcode
91343702,1249873904,3,2022-01-20,2022-01-31,,ES,ES,Branch,workshop
91687508,1249947986,3,2022-03-03,2022-03-08,,DE,DE,workshop,LC
91687509,1249947986,3,2022-03-08,2022-03-10,,DE,DE,LC,zipcode
91442769,1249947986,3,2022-02-07,2022-02-10,,DE,DE,workshop,workshop
91439725,1249947986,4,,,2022-01-31,DE,DE,LC,workshop
91442750,1249947986,3,2022-02-01,2022-02-06,,DE,DE,LC,workshop
91403658,1249947986,3,2022-01-27,2022-01-31,,DE,DE,Branch,LC
91422987,1249957970,3,2022-02-07,2022-02-10,,DE,DE,workshop,workshop
91742005,1249957970,4,,,2022-03-09,DE,DE,workshop,workshop
91742006,1249957970,3,2022-03-16,2022-03-18,,DE,DE,workshop,zipcode
91776328,1249957970,3,2022-03-09,2022-03-16,,DE,DE,workshop,workshop
91416371,1249957970,3,2022-01-30,2022-02-07,,DE,DE,Branch,workshop
91547562,1250006390,3,2022-02-13,2022-02-17,,ES,ES,Branch,workshop
91393108,1250047003,3,2022-01-26,2022-01-30,,DE,DE,Branch,LC
91393109,1250047003,3,2022-01-30,2022-02-10,,DE,DE,LC,workshop
91762112,1250047003,3,2022-03-14,2022-03-17,,DE,DE,workshop,workshop
91762113,1250047003,3,2022-03-20,2022-03-23,,DE,DE,workshop,zipcode
91395540,1250047003,3,2022-02-10,2022-02-13,,DE,DE,workshop,workshop
91681591,1250223907,3,2022-02-27,2022-03-06,,ES,ES,workshop,zipcode
91360034,1250223907,3,2022-01-23,2022-01-26,,ES,ES,Branch,workshop
91379604,1250357073,3,2022-01-25,2022-02-03,,ES,ES,Branch,workshop
91618813,1250491537,3,2022-02-20,2022-02-22,,DE,DE,Branch,workshop
92180989,1250491537,1,,,,DE,DE,workshop,LC
92180990,1250491537,1,,,,DE,DE,LC,zipcode
91425976,1250537667,3,2022-01-30,2022-01-31,,ES,ES,Branch,workshop
91794358,1250550306,3,2022-03-13,2022-03-21,,ES,ES,Branch,workshop
92149291,1250560116,1,,,,DE,DE,LC,zipcode
92149290,1250560116,2,2022-04-25,,,DE,DE,workshop,LC
91422994,1250560116,3,2022-01-30,2022-02-03,,DE,DE,Branch,workshop
91426476,1250560116,3,2022-02-03,2022-02-10,,DE,DE,workshop,workshop
91806801,1250564968,3,2022-03-13,2022-03-16,,ES,ES,Branch,workshop
91943982,1250564968,3,2022-03-28,2022-04-05,,ES,ES,workshop,zipcode
91530802,1250894806,3,2022-02-10,2022-02-15,,ES,ES,workshop,LC
91507104,1250894806,3,2022-02-08,2022-02-08,,ES,ES,Branch,workshop
91501089,1250899852,3,2022-02-07,2022-02-16,,ES,ES,Branch,workshop
91552599,1250905526,3,2022-02-13,2022-02-20,,DE,DE,Branch,workshop
91501618,1250905526,4,2022-02-07,,2022-02-13,DE,DE,Branch,workshop
91479701,1250906953,3,2022-02-06,2022-02-10,,DE,DE,Branch,workshop
91674695,1250906953,3,2022-03-02,2022-03-09,,DE,DE,workshop,zipcode
91526385,1250948035,3,2022-02-09,2022-02-15,,ES,ES,Branch,workshop
91508628,1250962556,4,,,2022-02-08,ES,ES,Branch,LC
91661278,1250962556,3,2022-02-24,2022-03-07,,ES,ES,Branch,workshop
91828230,1251031428,3,2022-03-15,2022-03-20,,DE,DE,Branch,workshop
92133161,1251031428,2,2022-04-21,,,DE,DE,workshop,Branch
91687693,1251049687,3,2022-02-28,2022-03-01,,DE,DE,LC,workshop
91649550,1251049687,3,2022-02-24,2022-02-27,,DE,DE,Branch,workshop
92107017,1251124633,3,2022-04-19,2022-04-26,,ES,ES,workshop,zipcode
91512282,1251124633,3,2022-02-08,2022-02-10,,ES,ES,Branch,workshop
91570851,1251147834,3,2022-02-15,2022-02-22,,DE,DE,Branch,LC
91570852,1251147834,3,2022-02-23,2022-03-03,,DE,DE,LC,workshop
91615014,1251148356,3,2022-02-20,2022-02-24,,DE,DE,Branch,workshop
91773951,1251148356,3,2022-03-13,2022-03-15,,DE,DE,workshop,workshop
91773952,1251148356,3,2022-03-16,2022-03-20,,DE,DE,workshop,zipcode
91738999,1251148356,4,,,2022-03-09,DE,DE,workshop,workshop
91739000,1251148356,4,,,2022-03-09,DE,DE,workshop,zipcode
91516331,1251189721,3,2022-02-08,2022-02-09,,ES,ES,Branch,workshop
91721901,1251235169,3,2022-03-03,2022-03-13,,ES,ES,Branch,workshop
92187154,1251303459,2,2022-04-27,,,ES,ES,workshop,zipcode
92155163,1251303459,4,2022-04-24,,2022-04-26,ES,ES,workshop,zipcode
91575534,1251303459,3,2022-02-15,2022-02-17,,ES,ES,Branch,workshop
92154361,1251303459,4,,,2022-04-24,ES,ES,workshop,zipcode
91744328,1251392834,3,2022-03-06,2022-03-08,,DE,DE,Branch,LC
91744329,1251392834,3,2022-03-08,2022-03-08,,DE,DE,LC,workshop
91891029,1251392834,4,,,2022-03-22,DE,DE,LC,zipcode
91595905,1251396008,3,2022-02-17,2022-02-20,,ES,ES,Branch,workshop
92076946,1251481226,3,2022-04-14,2022-04-20,,ES,ES,workshop,zipcode
91583348,1251481226,3,2022-02-16,2022-02-27,,ES,ES,Branch,workshop
91974303,1251491050,2,2022-03-31,,,ES,ES,workshop,zipcode
91637517,1251491050,3,2022-02-22,2022-03-01,,ES,ES,Branch,workshop
91946578,1251491050,4,,,2022-03-30,ES,ES,workshop,Branch
91946579,1251491050,4,,,2022-03-30,ES,ES,Branch,zipcode
91732080,1251512439,3,2022-03-06,2022-03-13,,ES,ES,Branch,workshop
91967245,1251542640,3,2022-03-30,2022-04-14,,ES,ES,workshop,zipcode
91950030,1251542640,4,,,2022-03-29,ES,ES,workshop,showroom
91950031,1251542640,4,,,2022-03-29,ES,ES,showroom,zipcode
91580635,1251542640,3,2022-02-16,2022-02-21,,ES,ES,Branch,workshop
91644394,1251553969,3,2022-02-23,2022-03-06,,ES,ES,Branch,workshop
91595990,1251589733,4,,,2022-02-17,DE,DE,Branch,workshop
91596983,1251589733,3,2022-02-17,2022-03-10,,DE,DE,Branch,workshop
91793962,1251675902,3,2022-03-13,2022-03-16,,DE,DE,Branch,workshop
91727927,1251699600,3,2022-03-03,2022-03-08,,DE,DE,Branch,workshop
91625327,1251700768,3,2022-02-21,2022-02-23,,ES,ES,Branch,workshop
91972731,1251714783,4,,,2022-04-03,DE,DE,workshop,showroom
91876692,1252915932,3,2022-03-21,2022-03-24,,DE,DE,Branch,workshop
91328799,1249768327,3,2022-01-22,2022-02-01,,DE,DE,Branch,LC
91328800,1249768327,3,2022-02-06,2022-02-08,,DE,DE,LC,workshop
91828868,1249768327,4,,,2022-03-22,DE,DE,workshop,LC
91828869,1249768327,3,2022-03-24,2022-03-25,,DE,DE,LC,zipcode
91887274,1249768327,3,2022-03-22,2022-03-24,,DE,DE,workshop,LC
91803864,1252714643,3,2022-03-14,2022-03-15,,DE,DE,Branch,LC
91803865,1252714643,3,2022-03-21,2022-03-24,,DE,DE,LC,workshop
91895327,1251528930,3,2022-03-23,2022-03-23,,ES,ES,workshop,LC
91732875,1251528930,3,2022-03-06,2022-03-13,,ES,ES,Branch,workshop
91855613,1248490136,3,2022-03-20,2022-03-27,,ES,ES,Branch,workshop
91912581,1250343377,3,2022-03-24,2022-03-25,,DE,DE,Branch,workshop
91406131,1250343377,4,,,2022-02-03,DE,DE,workshop,workshop
91472443,1250343377,3,2022-02-13,2022-02-13,,DE,DE,workshop,workshop
91709411,1250343377,3,2022-03-03,2022-03-09,,DE,DE,workshop,workshop
91709412,1250343377,3,2022-03-09,2022-03-14,,DE,DE,workshop,zipcode
91472437,1250343377,3,2022-02-03,2022-02-13,,DE,DE,LC,workshop
91403320,1250343377,3,2022-01-27,2022-02-01,,DE,DE,Branch,LC
91403321,1250343377,4,,,2022-02-03,DE,DE,LC,workshop
91890061,1252944631,3,2022-03-23,2022-03-27,,DE,DE,Branch,workshop
91909149,1253076458,3,2022-03-24,2022-03-27,,DE,DE,Branch,workshop
91872792,1253076458,4,,,2022-03-22,DE,DE,Branch,LC
91872793,1253076458,4,,,2022-03-24,DE,DE,LC,workshop
91888007,1253076458,4,2022-03-22,,2022-03-24,DE,DE,Branch,LC
91866547,1253178487,3,2022-03-22,2022-03-22,,DE,DE,Branch,workshop
91548817,1250882690,3,2022-02-13,2022-02-14,,ES,ES,workshop,LC
91476585,1250882690,3,2022-02-06,2022-02-06,,ES,ES,Branch,workshop
91933732,1250882690,3,2022-03-28,2022-03-30,,ES,ES,LC,zipcode
91909330,1253392511,3,2022-03-27,2022-03-27,,DE,DE,Branch,LC
91909331,1253392511,3,2022-03-27,2022-03-27,,DE,DE,LC,workshop
91625105,1250369880,4,2022-02-21,,2022-02-21,ES,ES,workshop,Branch
91639756,1250369880,3,2022-02-22,2022-02-28,,ES,ES,workshop,Branch
91411322,1250369880,3,2022-01-30,2022-01-30,,ES,ES,Branch,workshop
91610340,1249734492,4,,,2022-02-20,DE,DE,workshop,LC
91610341,1249734492,4,,,2022-02-20,DE,DE,LC,zipcode
91315577,1249734492,3,2022-01-18,2022-01-20,,DE,DE,Branch,LC
91315578,1249734492,3,2022-01-20,2022-01-20,,DE,DE,LC,workshop
91746690,1249734492,4,,,2022-03-10,DE,DE,workshop,LC
91746691,1249734492,4,,,2022-03-10,DE,DE,LC,zipcode
91875949,1249734492,3,2022-03-21,2022-03-24,,DE,DE,workshop,LC
91875950,1249734492,3,2022-03-28,2022-03-30,,DE,DE,LC,zipcode
91364027,1248885692,3,2022-01-23,2022-01-25,,DE,DE,Branch,LC
91832731,1248885692,4,,,2022-03-23,DE,DE,workshop,showroom
91832732,1248885692,3,2022-03-29,2022-04-01,,DE,DE,showroom,zipcode
91896196,1248885692,3,2022-03-23,2022-03-29,,DE,DE,workshop,showroom
91391801,1248885692,3,2022-01-26,2022-01-26,,DE,DE,LC,workshop
91917124,1253555144,3,2022-03-27,2022-03-29,,ES,ES,Branch,workshop
91878905,1252556823,3,2022-03-22,2022-03-29,,DE,DE,Branch,workshop
91867985,1252715378,3,2022-03-21,2022-03-30,,DE,DE,Branch,workshop
91885949,1253122652,3,2022-03-23,2022-03-24,,DE,DE,Branch,LC
91885950,1253122652,3,2022-03-27,2022-03-30,,DE,DE,LC,workshop
91676002,1251103108,3,2022-02-27,2022-03-03,,DE,DE,Branch,workshop
91875936,1251103108,3,2022-03-21,2022-03-30,,DE,DE,workshop,showroom
91875937,1251103108,3,2022-03-30,2022-04-04,,DE,DE,showroom,zipcode
91919663,1252558592,3,2022-03-27,2022-03-30,,DE,DE,Branch,workshop
91879311,1252164977,4,,,2022-03-23,DE,DE,workshop,workshop
91897031,1252164977,3,2022-03-23,2022-03-30,,DE,DE,workshop,workshop
91879312,1252164977,3,2022-03-30,2022-04-22,,DE,DE,workshop,zipcode
91706095,1252164977,3,2022-03-01,2022-03-13,,DE,DE,Branch,workshop
91705214,1252164977,4,,,2022-03-01,DE,DE,Branch,workshop
91865092,1251678368,3,2022-03-20,2022-03-30,,DE,DE,Branch,workshop
91431218,1250405433,3,2022-02-01,2022-02-03,,DE,DE,Branch,LC
91431219,1250405433,3,2022-02-03,2022-02-13,,DE,DE,LC,workshop
91441649,1250405433,3,2022-02-13,2022-02-13,,DE,DE,workshop,workshop
91862583,1250405433,3,2022-03-20,2022-03-30,,DE,DE,workshop,workshop
91862584,1250405433,3,2022-03-31,2022-04-11,,DE,DE,workshop,zipcode
91952105,1249653509,3,2022-03-29,2022-03-29,,DE,DE,workshop,LC
91359773,1249653509,3,2022-01-23,2022-01-23,,DE,DE,Branch,LC
91358184,1249653509,4,2022-01-23,,2022-01-23,DE,DE,Branch,workshop
91366133,1249653509,3,2022-02-09,2022-02-10,,DE,DE,workshop,workshop
91366052,1249653509,3,2022-01-25,2022-02-09,,DE,DE,LC,workshop
91762917,1251589826,3,2022-03-08,2022-03-09,,DE,DE,workshop,LC
91600363,1251589826,3,2022-02-17,2022-02-28,,DE,DE,Branch,workshop
91599082,1251589826,4,,,2022-02-17,DE,DE,Branch,workshop
91854421,1252143758,3,2022-03-20,2022-03-21,,DE,DE,Branch,LC
91854422,1252143758,3,2022-03-23,2022-03-24,,DE,DE,LC,workshop
91775636,1252720343,3,2022-03-09,2022-03-10,,DE,DE,Branch,LC
91775647,1252720343,3,2022-03-13,2022-03-24,,DE,DE,LC,workshop
91915253,1253442219,3,2022-03-27,2022-04-03,,ES,ES,Branch,workshop
91898223,1253292128,3,2022-03-23,2022-04-03,,ES,ES,Branch,workshop
91906928,1253338217,4,2022-03-24,,2022-03-29,DE,DE,Branch,workshop
91950863,1253338217,3,2022-03-29,2022-04-04,,DE,DE,Branch,workshop
91905372,1253338217,4,,,2022-03-24,DE,DE,Branch,workshop
91907492,1248461204,4,,,2022-03-30,DE,DE,workshop,workshop
91907493,1248461204,3,2022-04-04,2022-04-05,,DE,DE,workshop,zipcode
91962031,1248461204,3,2022-03-30,2022-04-04,,DE,DE,workshop,workshop
91344936,1248461204,3,2022-01-20,2022-01-24,,DE,DE,Branch,workshop
91884829,1250743919,3,2022-03-22,2022-03-23,,DE,DE,Branch,LC
91884830,1250743919,4,,,2022-03-24,DE,DE,LC,workshop
91909543,1250743919,3,2022-03-24,2022-04-05,,DE,DE,LC,workshop
91215455,1249350082,3,2022-01-05,2022-01-07,,DE,DE,Branch,LC
91460348,1249350082,3,2022-02-02,2022-02-06,,DE,DE,workshop,workshop
91622656,1249350082,3,2022-02-23,2022-02-24,,DE,DE,workshop,workshop
91622657,1249350082,3,2022-02-27,2022-03-03,,DE,DE,workshop,Branch
91238711,1249350082,4,2022-01-09,,2022-01-10,DE,DE,LC,workshop
91238715,1249350082,4,,,2022-01-10,DE,DE,workshop,workshop
91247025,1249350082,3,2022-01-10,2022-01-10,,DE,DE,LC,workshop
91898709,1249350082,3,2022-03-23,2022-04-05,,DE,DE,workshop,LC
91219409,1249350082,4,,,2022-01-09,DE,DE,LC,workshop
91723212,1249350082,3,2022-03-07,2022-03-09,,DE,DE,Branch,workshop
91937330,1251333669,3,2022-03-28,2022-04-05,,ES,ES,Branch,workshop
91780356,1251334845,3,2022-03-10,2022-03-20,,BE,PL,LC,workshop
91763760,1251334845,3,2022-03-08,2022-03-09,,BE,BE,Branch,LC
92013108,1251334845,3,2022-04-05,2022-04-05,,PL,PL,workshop,workshop
91907523,1252617441,3,2022-03-27,2022-04-06,,DE,DE,Branch,workshop
91395550,1250294433,3,2022-02-09,2022-02-13,,DE,DE,workshop,workshop
91931532,1250294433,3,2022-03-29,2022-04-05,,DE,DE,workshop,workshop
91931533,1250294433,3,2022-04-06,2022-04-12,,DE,DE,workshop,zipcode
91391760,1250294433,3,2022-01-26,2022-02-03,,DE,DE,Branch,LC
91391761,1250294433,3,2022-02-03,2022-02-09,,DE,DE,LC,workshop
91734790,1250294433,4,,,2022-03-10,DE,DE,workshop,LC
91734791,1250294433,4,,,2022-03-10,DE,DE,LC,zipcode
91756245,1251850013,3,2022-03-07,2022-03-09,,DE,DE,LC,workshop
91675505,1251850013,3,2022-02-27,2022-02-28,,DE,DE,Branch,LC
91675506,1251850013,4,,,2022-03-07,DE,DE,LC,workshop
91926015,1251850013,4,,,2022-03-30,DE,DE,workshop,LC
91926016,1251850013,3,2022-04-06,2022-04-08,,DE,DE,LC,zipcode
91962391,1251850013,3,2022-03-30,2022-04-06,,DE,DE,workshop,LC
92191407,1222499316,4,,,2022-04-27,DE,DE,showroom,zipcode
92191406,1222499316,4,,,2022-04-27,DE,DE,workshop,showroom
91740564,1222499316,3,2022-03-06,2022-03-16,,DE,DE,Branch,workshop
92191427,1222499316,1,,,,DE,DE,showroom,zipcode
92191426,1222499316,2,2022-04-27,,,DE,DE,workshop,showroom
92188094,1222499316,4,,,2022-04-27,DE,DE,workshop,showroom
92188095,1222499316,4,,,2022-04-27,D
